frequency_Hz,observer_distance_m,pressure_amplitude_Pa,pressure_phase_rad,prescribed_no_feedback_amplitude_Pa,largest_fractional_radius_perturbation
10000.0,0.001,5.4289587050502266e-05,-3.0991825345413018,5.4188950978841e-05,9.970276864221576e-07
10077.985113380637,0.001,5.51412481050747e-05,-3.098851585805933,5.503743201511342e-05,9.970639343446581e-07
10156.578394552174,0.001,5.600629506088016e-05,-3.098518051123479,5.5899198404140645e-05,9.971007526596834e-07
10235.784586318043,0.001,5.688493911919731e-05,-3.0981819102078285,5.677445816498852e-05,9.971381503879452e-07
10315.608468468423,0.001,5.7777394839261776e-05,-3.0978431426118207,5.766342257382416e-05,9.971761366942422e-07
10396.054858068801,0.001,5.8683880192468756e-05,-3.097501727725919,5.8566306214916e-05,9.972147208898102e-07
10477.128609750582,0.001,5.9604616617474515e-05,-3.0971576447768765,5.9483327032429565e-05,9.972539124347044e-07
10558.834616004075,0.001,6.0539829076215156e-05,-3.0968108728263855,6.041470638303509e-05,9.972937209402276e-07
10641.177807473745,0.001,6.148974611085769e-05,-3.09646139076972,6.136066908934032e-05,9.973341561713994e-07
10724.16315325568,0.001,6.245459990169886e-05,-3.096109177334358,6.232144349415662e-05,9.97375228049465e-07
10807.79566119759,0.001,6.343462632603165e-05,-3.095754211078601,6.329726151561888e-05,9.974169466544448e-07
10892.080378200915,0.001,6.443006501799207e-05,-3.0953964703901726,6.428835870316483e-05,9.974593222277327e-07
10977.022390525417,0.001,6.544115942940727e-05,-3.0950359334848074,6.529497429439319e-05,9.975023651747348e-07
11062.626824096133,0.001,6.646815689166008e-05,-3.094672578404828,6.631735127281113e-05,9.975460860675546e-07
11148.898844812615,0.001,6.751130867858912e-05,-3.0943063830177073,6.73557364264848e-05,9.975904956477203e-07
11235.843658860811,0.001,6.857087007044455e-05,-3.093937325014618,6.841038040761116e-05,9.976356048289661e-07
11323.466513027148,0.001,6.964710041891418e-05,-3.0935653819089697,6.948153779301948e-05,9.976814247000532e-07
11411.772695015175,0.001,7.074026321324274e-05,-3.093190531034928,7.056946714562201e-05,9.97727966527644e-07
11500.767533764682,0.001,7.185062614746168e-05,-3.092812749545928,7.167443107682587e-05,9.97775241759222e-07
11590.45639977318,0.001,7.297846118874941e-05,-3.092432014413166,7.279669630992161e-05,9.978232620260678e-07
11680.844705420146,0.001,7.412404464694548e-05,-3.0920483024240806,7.393653374446688e-05,9.97872039146276e-07
11771.937905293527,0.001,7.528765724523316e-05,-3.09166159018082,7.509421852167504e-05,9.97921585127838e-07
11863.74149651894,0.001,7.646958419201719e-05,-3.091271854098694,7.62700300908291e-05,9.979719121717622e-07
11956.261019091426,0.001,7.767011525401623e-05,-3.0908790704046103,7.746425227673568e-05,9.980230326752603e-07
12049.50205620966,0.001,7.888954483058833e-05,-3.090483215135499,7.867717334823345e-05,9.980749592349847e-07
12143.470234613033,0.001,8.012817202932095e-05,-3.0900842641367183,7.990908608777757e-05,9.981277046503177e-07
12238.171224921101,0.001,8.138630074289671e-05,-3.089682193060451,8.116028786211003e-05,9.981812819267248e-07
12333.610741975815,0.001,8.266423972726677e-05,-3.089276977364076,8.243108069403812e-05,9.982357042791606e-07
12429.794545186403,0.001,8.396230268115235e-05,-3.088868592308535,8.372177133533758e-05,9.982909851355368e-07
12526.728438876842,0.001,8.528080832689717e-05,-3.088457012956676,8.503267134079443e-05,9.983471381402493e-07
12624.418272636269,0.001,8.662008049270028e-05,-3.088042214171586,8.636409714340975e-05,9.984041771577667e-07
12722.869941671883,0.001,8.798044819624773e-05,-3.0876241706149026,8.771637013077942e-05,9.984621162762836e-07
12822.08938716472,0.001,8.936224572977472e-05,-3.0872028567451126,8.908981672266983e-05,9.98520969811432e-07
12922.08259662822,0.001,9.076581274658198e-05,-3.0867782468158333,9.048476844980964e-05,9.985807523100644e-07
13022.85560426942,0.001,9.219149434903049e-05,-3.086350314874079,9.190156203391284e-05,9.986414785541016e-07
13124.414491353282,0.001,9.363964117804865e-05,-3.085919034758507,9.334053946895891e-05,9.987031635644416e-07
13226.765386569548,0.001,9.511060950417299e-05,-3.0854843800976455,9.480204810373984e-05,9.987658226049484e-07
13329.91446640262,0.001,9.660476132015393e-05,-3.0850463243081125,9.628644072570496e-05,9.988294711864988e-07
13433.867955504309,0.001,9.812246443515558e-05,-3.084604840592807,9.779407564611472e-05,9.988941250711119e-07
13538.63212706936,0.001,9.966409257057794e-05,-3.0841599019390893,9.932531678652917e-05,9.989598002761422e-07
13644.213303214185,0.001,0.00010123002545753483,-3.083711481116938,0.00010088053376665205,9.990265130785566e-07
13750.617855358261,0.001,0.00010282064893601377,-3.0832595506770937,0.00010246010199354784,9.990942800192733e-07
13857.852204608655,0.001,0.0001044363550557532,-3.0828040829491816,0.00010406440275225591,9.991631179075935e-07
13965.922822147535,0.001,0.00010607754217886746,-3.0823450500398155,0.00010569382329782601,9.99233043825701e-07
14074.836229622575,0.001,0.00010774461508425223,-3.0818824238306806,0.00010734875694879027,9.993040751332454e-07
14184.598999540678,0.001,0.00010943798507380612,-3.0814161759766034,0.00010902960318210409,9.993762294720076e-07
14295.217755664484,0.001,0.00011115807008050029,-3.080946277903594,0.00011073676772956896,9.994495247706488e-07
14406.699173412124,0.001,0.00011290529477833093,-3.0804727008068733,0.00011247066267576681,9.99523979249543e-07
14519.04998026008,0.001,0.00011468009069419326,-3.0799954156488822,0.0001142317065575288,9.995996114256975e-07
14632.276956149053,0.001,0.00011648289632170947,-3.079514393157264,0.00011602032446495794,9.996764401177603e-07
14746.38693389327,0.001,0.0001183141572370539,-3.0790296038228306,0.00011783694814403795,9.997544844511226e-07
14861.386799592712,0.001,0.00012017432621680561,-3.0785410178975074,0.0001196820161008458,9.998337638631036e-07
14977.283493048688,0.001,0.00012206386335787486,-3.078048605392255,0.000121555973707396,9.999142981082427e-07
15094.084008182654,0.001,0.0001239832361995378,-3.077552336074972,0.00012345927330914346,9.999961072636703e-07
15211.795393458153,0.001,0.00012593291984762248,-3.0770521794683745,0.00012539237433416655,1.000079211734596e-06
15330.424752306342,0.001,0.00012791339710089064,-3.0765481048478525,0.00012735574340406417,1.0001636322598781e-06
15449.979243554535,0.001,0.00012992515857965069,-3.076040081239306,0.00012934985444658533,1.000249389917708e-06
15570.466081858245,0.001,0.00013196870285665083,-3.0755280774169553,0.00013137518881002407,1.000336506131389e-06
15691.892538136586,0.001,0.00013404453659029625,-3.0750120619011327,0.00013343223537940377,1.000425002675229e-06
15814.265940010922,0.001,0.00013615317466023131,-3.074492002956046,0.0001355214906944809,1.0005149016805344e-06
15937.593672247252,0.001,0.0001382951403053417,-3.073967868587521,0.0001376434590695996,1.0006062256417173e-06
16061.883177201726,0.001,0.00014047096526421466,-3.0734396265407176,0.00013979865271541785,1.0006989974225168e-06
16187.14195526979,0.001,0.00014268118991811061,-3.0729072442978254,0.00014198759186254245,1.0007932402623283e-06
16313.377565338842,0.001,0.00014492636343649634,-3.0723706890757296,0.00014421080488709887,1.0008889777826607e-06
16440.597625244252,0.001,0.00014720704392518633,-3.071829927823654,0.00014646882843826563,1.000986233993702e-06
16568.80981222926,0.001,0.00014952379857715176,-3.0712849272207796,0.00014876220756780933,1.0010850333010146e-06
16698.021863408154,0.001,0.00015187720382604024,-3.0707356536738337,0.00015109149586164534,1.0011854005123508e-06
16828.24157623318,0.001,0.00015426784550246872,-3.070182073314655,0.00015345725557345567,1.0012873608445994e-06
16959.476808965144,0.001,0.0001566963189931411,-3.0696241519977336,0.00015586005776040468,1.0013909399308563e-06
17091.735481147487,0.001,0.00015916322940284644,-3.0690618552977167,0.0001583004824209723,1.0014961638276365e-06
17225.025574084404,0.001,0.00016166919171940275,-3.0684951485068956,0.00016077911863495407,1.0016030590222105e-06
17359.35513132234,0.001,0.00016421483098159393,-3.0679239966326595,0.0001632965647056454,1.0017116524400885e-06
17494.73225913543,0.001,0.00016680078245017354,-3.067348364394919,0.00016585342830425487,1.0018219714526394e-06
17631.165127014723,0.001,0.00016942769178198748,-3.0667682162235046,0.00016845032661657976,1.001934043884859e-06
17768.66196816102,0.001,0.00017209621520728342,-3.0661835162555366,0.00017108788649197417,1.0020478980232815e-06
17907.23107998195,0.001,0.0001748070197102771,-3.065594228332757,0.0001737667445946561,1.0021635626240416e-06
18046.880824592514,0.001,0.0001775607832130306,-3.065000315998842,0.0001764875475573751,1.0022810669210931e-06
18187.619629319786,0.001,0.00018035819476272264,-3.0644017424966736,0.00017925095213749308,1.002400440634585e-06
18329.455987211462,0.001,0.00018319995472237258,-3.063798470765587,0.00018205762537550364,1.0025217139793893e-06
18472.398457548272,0.001,0.00018608677496509426,-3.0631904634385814,0.00018490824475603465,1.002644917673806e-06
18616.455666360693,0.001,0.00018901937907195467,-3.0625776828395006,0.00018780349837137496,1.0027700829484254e-06
18761.636306949367,0.001,0.000191998502533505,-3.0619600909801794,0.00019074408508755656,1.002897241555165e-06
18907.949140409743,0.001,0.00019502489295506828,-3.061337649557557,0.00019373071471303802,1.003026425776482e-06
19055.4029961608,0.001,0.00019809931026586124,-3.060710319950756,0.00019676410817003235,1.003157668434763e-06
19204.006772477733,0.001,0.000201222526932025,-3.0600780632181266,0.0001998449976685095,1.003291002901897e-06
19353.769437029154,0.001,0.00020439532817366097,-3.059440840094256,0.00020297412688293447,1.003426463109035e-06
19504.700027418097,0.001,0.00020761851218593835,-3.0587986109869374,0.00020615225113176144,1.003564083556542e-06
19656.80765172745,0.001,0.0002108928903643766,-3.058151335974113,0.00020938013755974328,1.0037038993241401e-06
19810.101489069624,0.001,0.00021421928753438227,-3.0574989748007657,0.0002126585653230974,1.0038459460812574e-06
19964.590790140326,0.001,0.00021759854218513237,-3.0568414868757854,0.00021598832577756225,1.0039902600975742e-06
20120.28487777704,0.001,0.00022103150670790622,-3.0561788312687876,0.00021937022266940877,1.004136878253783e-06
20277.193147521455,0.001,0.00022451904763894648,-3.0555109667068994,0.0002228050723294353,1.0042858380525583e-06
20435.32506818651,0.001,0.00022806204590696496,-3.0548378515714987,0.00022629370387000075,1.0044371776297478e-06
20594.690182427825,0.001,0.00023166139708537836,-3.0541594438949193,0.00022983695938514454,1.0045909357657857e-06
20755.2981073194,0.001,0.00023531801164938416,-3.053475701357114,0.00023343569415383447,1.0047471518973318e-06
20917.15853493422,0.001,0.00023903281523799316,-3.0527865812822648,0.00023709077684640483,1.0049058661291482e-06
21080.281232928985,0.001,0.00024280674892110233,-3.0520920406353684,0.0002408030897342196,1.005067119246213e-06
21244.67604513355,0.001,0.00024664076947174333,-3.0513920360187616,0.00024457352890262145,1.0052309527260768e-06
21410.35289214506,0.001,0.00025053584964361255,-3.05068652366861,0.0002484030044672122,1.005397408751476e-06
21577.3217719264,0.001,0.0002544929784539876,-3.04997545945135,0.0002522924407935191,1.0055665302231924e-06
21745.592760409818,0.001,0.0002585131614721814,-3.049258798860084,0.0002562427767201061,1.0057383607731842e-06
21915.176012104792,0.001,0.00026259742111362015,-3.0485364970109283,0.00026025496578517044,1.0059129447779766e-06
22086.08176071085,0.001,0.0002667467969397018,-3.0478085086393127,0.00026432997645668986,1.0060903273723397e-06
22258.320319735205,0.001,0.000270962345963549,-3.0470747880962326,0.00026846879236617425,1.0062705544632304e-06
22431.902083114914,0.001,0.00027524514296179027,-3.046335289344449,0.00027267241254607153,1.0064536727440374e-06
22606.83752584442,0.001,0.0002795962807925241,-3.0455899659546386,0.00027694185167089885,1.0066397297091132e-06
22783.137204607487,0.001,0.0002840168707195782,-3.044838771101492,0.0002812781403021439,1.006828773668607e-06
22960.81175841428,0.001,0.00028850804274323504,-3.0440816575597585,0.00028568232513699436,1.0070208537636154e-06
23139.871909243466,0.001,0.0002930709459375549,-3.043318577700237,0.0002901554692609752,1.0072160199816373e-06
23320.328462689045,0.001,0.0002977067487944555,-3.0425494834857125,0.0002946986524045249,1.0074143231723624e-06
23502.192308612695,0.001,0.0003024166395747076,-3.0417743264668338,0.0002993129712036025,1.0076158150637896e-06
23685.474421800765,0.001,0.000307201826666003,-3.040993057777938,0.0003039995394643687,1.0078205482786822e-06
23870.1858626266,0.001,0.000312063538948259,-3.040205628132811,0.0003087594884320063,1.0080285763513766e-06
24056.337777718032,0.001,0.00031700302616633467,-3.0394119878203942,0.00031359396706375663,1.0082399537449474e-06
24243.941400629858,0.001,0.0003220215593103244,-3.0386120867004256,0.0003185041423062229,1.0084547358687329e-06
24433.008052522022,0.001,0.000327120431003627,-3.037805874199021,0.000323491199377025,1.0086729790962461e-06
24623.549142842618,0.001,0.0003323009558989481,-3.036993299304187,0.00032855634205085317,1.008894740783462e-06
24815.576170016444,0.001,0.0003375644710824469,-3.0361743105612793,0.0003337007929500047,1.0091200792875015e-06
25009.100722138955,0.001,0.0003429123364862152,-3.035348856068383,0.000338925793839468,1.0093490539857219e-06
25204.134477675332,0.001,0.0003483459353092786,-3.034516883471631,0.0003442326059266244,1.0095817252952176e-06
25400.689206165567,0.001,0.00035386667444735326,-3.033678339960456,0.000349622510165649,1.0098181546927512e-06
25598.776768934484,0.001,0.000359475984931538,-3.032833172262761,0.0003550968075666684,1.0100584047351153e-06
25798.40911980758,0.001,0.00036517532237617976,-3.0319813266400315,0.00036065681950975834,1.0103025390799441e-06
25999.59830583246,0.001,0.00037096616743613443,-3.0311227488823635,0.0003663038880638674,1.0105506225069847e-06
26202.356468005597,0.001,0.00037685002627364095,-3.0302573843034204,0.00037203937631071464,1.0108027209398337e-06
26406.695842005327,0.001,0.0003828284310350739,-3.02938517773531,0.00037786466867377954,1.0110589014681621e-06
26612.62875893001,0.001,0.0003889029403377847,-3.0285060735233866,0.0003837811712524269,1.0113192323704347e-06
26820.167646042206,0.001,0.00039507513976730596,-3.027620015520969,0.00038979031216126395,1.0115837831371297e-06
27029.32502751869,0.001,0.0004013466423851759,-3.026726947083976,0.00039589354187481864,1.0118526244944933e-06
27240.113525206005,0.001,0.0004077190892476316,-3.0258268110654796,0.00040209233357759935,1.0121258284288175e-06
27452.54585938247,0.001,0.0004141941499354806,-3.024919549810169,0.0004083881835196506,1.0124034682112743e-06
27666.634849525577,0.001,0.0004207735230953905,-3.0240051051487296,0.00041478261137766365,1.0126856184233096e-06
27882.393415085673,0.001,0.00042745893699292295,-3.0230834183921296,0.0004212771606217417,1.01297235498262e-06
28099.834576265628,0.001,0.00043425215007759514,-3.02215443032581,0.00042787339888791337,1.0132637551697221e-06
28318.971454806353,0.001,0.00044115495156027136,-3.02121808120379,0.00043457291835646,1.0135598976551324e-06
28539.817274778965,0.001,0.000448169162003232,-3.020274310742664,0.0004413773361361911,1.0138608625271747e-06
28762.385363382593,0.001,0.00045529663392321107,-3.019323058115506,0.00044828829465471233,1.0141667313204312e-06
28986.68915174869,0.001,0.00046253925240776546,-3.0183642619456723,0.0004553074620548189,1.0144775870448594e-06
29212.742175751595,0.001,0.000469898935745316,-3.017397860300494,0.0004624365325970798,1.0147935142155832e-06
29440.558076825128,0.001,0.00047737763606921365,-3.016423790684871,0.0004696772270687298,1.0151145988833855e-06
29670.150602786172,0.001,0.0004849773400162225,-3.0154419900347498,0.0004770312931989734,1.0154409286659183e-06
29901.533608664056,0.001,0.0004927000693997735,-3.014452394710492,0.0004845005060807702,1.0157725927796542e-06
30134.721057536717,0.001,0.0005005478818983993,-3.0134549404901287,0.0004920866685992365,1.0161096820725889e-06
30369.72702137337,0.001,0.0005085228717597582,-3.012449562562493,0.0004997916118667477,1.0164522890577344e-06
30606.56568188345,0.001,0.0005166271705206498,-3.0114361955202384,0.0005076171956648468,1.0168005079474034e-06
30845.251331372812,0.001,0.000524862947743484,-3.010414773352725,0.0005155653088930829,1.0171544346883261e-06
31085.798373605947,0.001,0.0005332324117696161,-3.009385229438785,0.0005236378700248698,1.0175141669976074e-06
31328.221324675276,0.001,0.000541737810490034,-3.0083474965393577,0.0005318368275704695,1.0178798043995698e-06
31572.53481387719,0.001,0.0005503814321338575,-3.007301506789983,0.0005401641605472405,1.0182514482634759e-06
31818.753584594626,0.001,0.0005591656060751436,-3.0062471916931712,0.0005486218789572289,1.0186292018421858e-06
32066.892495187145,0.001,0.0005680927036585223,-3.005184482110616,0.000557212024272255,1.019013170311764e-06
32316.966519887334,0.001,0.0005771651390441525,-3.004113308255277,0.000565936669926577,1.019403460812059e-06
32568.990749704502,0.001,0.0005863853700725698,-3.0030335996833055,0.0005747979218172733,1.0198001824882914e-06
32822.980393335434,0.001,0.0005957558991499626,-3.0019452852858186,0.0005837979188124542,1.0202034465336759e-06
33078.950778081904,0.001,0.0006052792741544616,-3.0008482932805216,0.0005929388332674242,1.0206133662331139e-06
33336.91735077603,0.001,0.0006149580893640553,-2.9997425512031626,0.0006022228715489452,1.0210300570079764e-06
33596.89567871215,0.001,0.000624794986406708,-2.9986279858988283,0.0006116522745676703,1.0214536364620252e-06
33858.90145058633,0.001,0.0006347926552333566,-2.997504523513065,0.0006212293183189483,1.0218842244284924e-06
34122.95047744318,0.001,0.0006449538351144197,-2.9963720894828305,0.0006309563144320615,1.0223219430183576e-06
34389.05869362971,0.001,0.0006552813156605007,-2.9952306085272613,0.0006408356107280757,1.0227669166698688e-06
34657.24215775732,0.001,0.0006657779378680197,-2.994080004638256,0.0006508695917864325,1.023219272199327e-06
34927.517053670614,0.001,0.0006764465951904446,-2.9929202010708744,0.0006610606795203832,1.0236791388531839e-06
35199.89969142408,0.001,0.0006872902346359297,-2.9917511203335385,0.0006714113337614506,1.0241466483614955e-06
35474.406508266424,0.001,0.0006983118578921058,-2.9905726841780265,0.0006819240528530353,1.0246219349927637e-06
35751.05406963222,0.001,0.0007095145224788368,-2.9893848135892753,0.000692601374253295,1.0251051356102161e-06
36029.85907014198,0.001,0.0007209013429297915,-2.9881874287749555,0.0007034458751474902,1.0255963897295653e-06
36310.83833460932,0.001,0.0007324754920036684,-2.9869804491548355,0.0007144601730698918,1.026095839578296e-06
36594.00881905637,0.001,0.0007442402019259832,-2.985763793349922,0.0007256469265354267,1.0266036301565258e-06
36879.38761173706,0.001,0.0007561987656623398,-2.984537379171366,0.0007370088356812182,1.0271199092994875e-06
37166.99193416804,0.001,0.0007683545382241363,-2.983301123609128,0.0007485486429181466,1.0276448277416915e-06
37456.83914216838,0.001,0.0007807109380077288,-2.9820549428204055,0.0007602691335926352,1.0281785391828167e-06
37748.94672690661,0.001,0.0007932714481680274,-2.9807987521177988,0.0007721731366587786,1.0287212003553738e-06
38043.33231595635,0.001,0.0008060396180276398,-2.979532465957221,0.0007842635253609825,1.0292729710942285e-06
38340.01367436014,0.001,0.0008190190645226411,-2.9782559979255385,0.0007965432179273113,1.0298340144080092e-06
38639.00870570116,0.001,0.0008322134736861102,-2.976969260727937,0.0008090151782736537,1.0304044965524833e-06
38940.33545318411,0.001,0.0008456266021706468,-2.9756721661749985,0.0008216824167189439,1.0309845871059552e-06
39244.012100723776,0.001,0.000859262278811069,-2.974364625169481,0.0008345479907115539,1.0315744590467626e-06
39550.05697404238,0.001,0.0008731244062285725,-2.9730465476928067,0.000847615005567062,1.0321742888329285e-06
39858.4885417756,0.001,0.0008872169624776949,-2.9717178427912256,0.0008608866152175651,1.0327842564840424e-06
40169.32541658672,0.001,0.000901544002737418,-2.9703784185616593,0.0008743660229727069,1.0334045456654564e-06
40482.58635629035,0.001,0.0009161096610478969,-2.969028182137215,0.0008880564822926542,1.0340353437748555e-06
40798.29026498402,0.001,0.0009309181520942114,-2.967667039672351,0.0009019612975731169,1.0346768420312954e-06
41116.456194189115,0.001,0.0009459737730387419,-2.9662948963276916,0.0009160838249427006,1.0353292355667833e-06
41437.103344000585,0.001,0.0009612809054037305,-2.9649116562544697,0.0009304274730727038,1.0359927235204955e-06
41760.25106424529,0.001,0.0009768440170056728,-2.9635172225785995,0.0009449957039995995,1.0366675091357086e-06
42085.9188556502,0.001,0.0009926676639433068,-2.962111497384346,0.0009597920339604027,1.0373537998595538e-06
42414.126371018814,0.001,0.0010087564926409128,-2.960694381697603,0.000974820034241091,1.038051807445675e-06
42744.893416417275,0.001,0.0010251152419488382,-2.9592657754687455,0.0009900833320383065,1.0387617480599048e-06
43078.23995236962,0.001,0.001041748745303139,-2.957825577555053,0.0010055856113345522,1.0394838423890528e-06
43414.186095062,0.001,0.0010586619329463406,-2.956373685702689,0.001021330613787061,1.0402183157529209e-06
43752.75211755715,0.001,0.0010758598342114486,-2.9549099965282144,0.001037322139630608,1.0409653982196548e-06
44093.95845101742,0.001,0.001093347579871296,-2.953434405499627,0.0010535640485944283,1.0417253247245567e-06
44437.82568593779,0.001,0.0011111304045555372,-2.9519468069169092,0.0010700602608334816,1.0424983351924687e-06
44784.374573388566,0.001,0.0011292136492376114,-2.9504470938920617,0.001086814757874303,1.0432846746638694e-06
45133.62602626723,0.001,0.0011476027637940982,-2.948935158328611,0.0011038315835756299,1.0440845934248033e-06
45485.601120561005,0.001,0.0011663033096390495,-2.9474108909005694,0.0011211148451041027,1.0448983471407919e-06
45840.32109661835,0.001,0.001185320962435869,-2.945874181030827,0.0011386687139251905,1.0457261969948615e-06
46197.8073604309,0.001,0.0012046615148895417,-2.944324916868961,0.0011564974268096458,1.046568409829844e-06
46558.08148492491,0.001,0.0012243308796220332,-2.94276298526844,0.0011746052868556929,1.047425258295103e-06
46921.165211263586,0.001,0.0012443350921339093,-2.941188271763186,0.0011929966645272347,1.0482970209978497e-06
47287.08045015879,0.001,0.0012646803138551843,-2.9396006605435017,0.0012116759987082807,1.0491839826592197e-06
47655.84928319328,0.001,0.0012853728352887031,-2.938000034431311,0.0012306477977738746,1.0500864342752813e-06
48027.49396415333,0.001,0.001306419079249423,-2.936386274854703,0.0012499166406778044,1.0510046732831685e-06
48402.03692037166,0.001,0.0013278256042030803,-2.934759261821748,0.001269487178057297,1.0519390037325266e-06
48779.50075408056,0.001,0.0013495991077079178,-2.9331188738935627,0.0012893641333550105,1.0528897364624626e-06
49159.90824377635,0.001,0.0013717464299633497,-2.9314649881565913,0.0013095523039586014,1.0538571892842304e-06
49543.28234559361,0.001,0.0013942745574694656,-2.9297974801940767,0.0013300565623580935,1.0548416871698515e-06
49929.646194690715,0.001,0.0014171906268015946,-2.928116224056691,0.0013508818573213695,1.0558435624468977e-06
50319.02310664552,0.001,0.0014405019285042451,-2.9264210922322924,0.0013720332150880322,1.056863154999696e-06
50711.436578862995,0.001,0.0014642159111090025,-2.9247119556147716,0.0013935157405819962,1.0579008124771708e-06
51106.91029199275,0.001,0.0014883401852810545,-2.922988683471961,0.0014153346186429859,1.0589568905076178e-06
51505.46811135827,0.001,0.001512882528099335,-2.9212511434125594,0.0014374951152773506,1.060031752920657e-06
51907.134088396975,0.001,0.0015378508874754413,-2.9194992013520484,0.001460002578928415,1.0611257719766545e-06
52311.93246211184,0.001,0.0015632533867167282,-2.9177327214775395,0.001482862441766737,1.0622393286039139e-06
52719.88766053365,0.001,0.0015890983292391916,-2.9159515662115347,0.0015060802210004995,1.0633728126439467e-06
53131.024302195765,0.001,0.0016153942034361358,-2.914155596174533,0.001529661520206474,1.0645266231051389e-06
53545.36719761938,0.001,0.0016421496877086655,-2.9123446701464575,0.0015536120306817388,1.0657011684251633e-06
53962.941350810914,0.001,0.0016693736556645546,-2.9105186450268388,0.0015779375328165966,1.0668968667424786e-06
54383.77196077048,0.001,0.0016970751814921847,-2.9086773757937174,0.0016026438974888965,1.0681141461773067e-06
54807.88442301322,0.001,0.0017252635455167144,-2.9068207154612007,0.001627737087480276,1.0693534451224552e-06
55235.304331101375,0.001,0.0017539482399457492,-2.904948515035629,0.0016532231589144605,1.070615212544407e-06
55666.05747818887,0.001,0.0017831389748123561,-2.903060623470285,0.001679108262718101,1.0718999082951003e-06
56100.169858577836,0.001,0.0018128456841235228,-2.901156887618598,0.0017053986461044773,1.0732080034348388e-06
56537.66766928737,0.001,0.0018430785322225412,-2.899237152185759,0.0017321006540803787,1.0745399805668152e-06
56978.57731163399,0.001,0.001873847920374212,-2.8973012596787044,0.001759220730976562,1.0758963341837206e-06
57422.92539282551,0.001,0.0019051644935823297,-2.895349050354377,0.0017867654220021882,1.0772775710269722e-06
57870.73872756625,0.001,0.0019370391476490518,-2.893380362166205,0.0018147413748235176,1.0786842104590803e-06
58322.04433967542,0.001,0.001969483036486623,-2.891395030708714,0.0018431553411673394,1.0801167848497461e-06
58776.869463717434,0.001,0.002002507579692055,-2.889392889160197,0.0018720141784494316,1.0815758399762566e-06
59235.241546646124,0.001,0.0020361244703962886,-2.8873737682233522,0.0019013248514285759,1.0830619354388238e-06
59697.18824946059,0.001,0.0020703456833994927,-2.885337496063801,0.0019310944338863485,1.0845756450915071e-06
60162.73744887453,0.001,0.00210518348360515,-2.8832838982463938,0.001961330110333249,1.086117557489421e-06
60631.91723899854,0.001,0.002140650434765931,-2.8812127976692037,0.0019920391777414823,1.0876882763529358e-06
61104.755933035536,0.001,0.0021767594085552082,-2.8791240144951025,0.0020232290473048576,1.089288421049652e-06
61581.28206498893,0.001,0.002213523593978575,-2.877017366080817,0.0020549072462261704,1.0909186270949189e-06
62061.52439138525,0.001,0.002250956507140757,-2.8748926669033366,0.0020870814195326293,1.0925795466717698e-06
62545.51189300899,0.001,0.0022890720013837504,-2.872749728483566,0.00211975933191957,1.0942718491711355e-06
63033.273776651746,0.001,0.002327884277813135,-2.8705883593070878,0.0021529488696230706,1.0959962217532678e-06
63524.839476874244,0.001,0.0023674078962302317,-2.868408364741904,0.0021866580423218094,1.0977533699313615e-06
64020.238657783324,0.001,0.002407657786488882,-2.866209546953008,0.002220894985068699,1.0995440181784078e-06
64519.5012148216,0.001,0.0024486492602963468,-2.86399170481365,0.0022556679602527305,1.1013689105583457e-06
65022.6572765716,0.001,0.0024903980234791193,-2.8617546338131277,0.0022909853595914353,1.1032288113826756e-06
65529.73720657398,0.001,0.002532920188735518,-2.8594981259609407,0.002326855706154588,1.1051245058937346e-06
66040.77160515991,0.001,0.002576232288897981,-2.857221969687135,0.0023632876564194925,1.1070568009759011e-06
66555.79131129723,0.001,0.0026203512907293485,-2.8549259497386537,0.0024002900023584006,1.1090265258960705e-06
67074.8274044522,0.001,0.002665294609278856,-2.852609847071489,0.0024378716735586523,1.1110345330748312e-06
67597.91120646449,0.001,0.002711080122824648,-2.850273438738448,0.0024760417393758613,1.1130816988898052e-06
68125.07428343766,0.001,0.0027577261884315436,-2.847916497772292,0.0025148094111208438,1.1151689245127654e-06
68656.34844764348,0.001,0.002805251658153985,-2.8455387930640432,0.0025541840442806635,1.117297136782159e-06
69191.76575944248,0.001,0.002853675895916269,-2.843140089236192,0.00259417514077452,1.119467289112833e-06
69731.35852921815,0.001,0.0029030187951034282,-2.8407201465105683,0.0026347923512447724,1.121680362444794e-06
70275.15931932685,0.001,0.0029533007968985205,-2.838278720570586,0.0026760454773838856,1.1239373662329806e-06
70823.20094606285,0.001,0.0030045429094039027,-2.835815562417591,0.0027179444742976818,1.1262393394801317e-06
71375.51648163884,0.001,0.0030567667275863547,-2.8333304182209886,0.002760499452905618,1.1285873518149465e-06
71932.13925618105,0.001,0.003109994454088098,-2.8308230291618406,0.0028037206823784645,1.130982504617869e-06
72493.10285974156,0.001,0.003164248920948594,-2.8282931312695814,0.0028476185926142377,1.1334259321969706e-06
73058.44114432468,0.001,0.0032195536122841648,-2.8257404552514953,0.0028922037767527336,1.1359188030165427e-06
73628.1882259301,0.001,0.003275932687975747,-2.8231647263145603,0.00293748699372941,1.1384623209811643e-06
74202.37848661111,0.001,0.0033334110084178724,-2.8205656639792633,0.0029834791708691355,1.141057726778197e-06
74781.04657655024,0.001,0.0033920141603854337,-2.817942981884931,0.0030301914065205865,1.1437062992818255e-06
75364.22741614975,0.001,0.0034517684840778473,-2.8152963875861357,0.003077634972731736,1.146409357021937e-06
75951.95619813901,0.001,0.0035127011014043927,-2.8126255823396704,0.0031258213179671517,1.1491682597213753e-06
76544.26838969832,0.001,0.0035748399455781785,-2.8099302608815826,0.003174762069867851,1.1519844099052813e-06
77141.19973459933,0.001,0.003638213792090461,-2.807210111193699,0.0032244690380541885,1.1548592545865074e-06
77742.78625536144,0.001,0.0037028522911416234,-2.8044648142590645,0.003274954216972614,1.1577942870312994e-06
78349.06425542655,0.001,0.003768786001610083,-2.801694043805649,0.0033262297887869095,1.1607910486097565e-06
78960.07032134918,0.001,0.003836046426645279,-2.7988974660376735,0.003378308126314601,1.1638511307358177e-06
79575.84132500469,0.001,0.0039046660509768766,-2.7960747393538243,0.0034312017960092646,1.1669761769018734e-06
80196.4144258137,0.001,0.003974678380038,-2.793225514051605,0.0034849235609893925,1.1701678848134026e-06
80821.82707298547,0.001,0.004046117981007142,-2.7903494320170004,0.0035394863841147007,1.1734280086294203e-06
81452.11700777717,0.001,0.004119020525879735,-2.787446126398605,0.00359490343111038,1.1767583613148605e-06
82087.32226577163,0.001,0.004193422836688392,-2.784515221265278,0.0036511880737402627,1.1801608171114755e-06
82727.48117917254,0.001,0.004269362932998526,-2.781556331246337,0.0037083538930294713,1.1836373141342433e-06
83372.63237911793,0.001,0.004346880081814695,-2.778569061153233,0.003766414682537561,1.1871898571007615e-06
84022.8147980107,0.001,0.004426014850042345,-2.775553005581591,0.003825384451682607,1.190820520201609e-06
84678.06767186902,0.001,0.0045068091596597686,-2.772507748492378,0.0038852774291174346,1.1945314501202303e-06
85338.43054269343,0.001,0.004589306345765392,-2.769432862770932,0.003946108066158448,1.198324869211445e-06
86003.94326085335,0.001,0.004673551217677885,-2.7663279097624502,0.004007891040268095,1.202203078848396e-06
86674.64598749131,0.001,0.004759590123278271,-2.76319243878245,0.004070641258591642,1.2061684629483514e-06
87350.57919694742,0.001,0.004847471016797739,-2.760025986600607,0.00413437386154938,1.2102234916886095e-06
88031.78367920125,0.001,0.00493724353026857,-2.756828076896266,0.004199104226484755,1.214370725424503e-06
88718.30054233348,0.001,0.005028959048872128,-2.7535982196837785,0.004264847971369558,1.218612818822396e-06
89410.17121500662,0.001,0.005122670790434754,-2.75033591070569,0.004331620958567015,1.222952525221506e-06
90107.43744896525,0.001,0.005218433889341077,-2.747040630791665,0.004399439298653626,1.2273927012393978e-06
90810.14132155488,0.001,0.005316305485154178,-2.743711845180849,0.0044683193543006245,1.2319363116371212e-06
91518.3252382622,0.001,0.005416344816254471,-2.7403490028052198,0.004538277744216217,1.2365864344611496e-06
92232.0319352734,0.001,0.005518613318832055,-2.7369515355312695,0.004609331347149242,1.241346266480577e-06
92951.30448205347,0.001,0.005623174731593804,-2.7335188573571676,0.004681497305955425,1.246219128939458e-06
93676.18628394458,0.001,0.005730095206574001,-2.730050363562321,0.00475479303172705,1.2512084736456946e-06
94406.72108478649,0.001,0.0058394434264681765,-2.7265454298059932,0.004829236207987262,1.2563178894195783e-06
95142.95296955561,0.001,0.005951290728942417,-2.7230034111714074,0.004904844794949718,1.2615511089268586e-06
95884.92636702556,0.001,0.006065711238407153,-2.7194236411514368,0.004981637033844829,1.2669120159232426e-06
96632.68605244822,0.001,0.006182782005783352,-2.7158054305716743,0.005059631451313475,1.2724046529393625e-06
97386.27715025599,0.001,0.006302583156832334,-2.7121480664463444,0.005138846863869433,1.2780332294375938e-06
98145.74513678408,0.001,0.006425198049667064,-2.7084508107621157,0.005219302382431292,1.2838021304746984e-06
98911.135843016,0.001,0.006550713442114588,-2.7047128991844627,0.00530101741692533,1.2897159259070685e-06
99682.49545734853,0.001,0.0066792196696545975,-2.7009335396807934,0.005384011680960069,1.2957793801783876e-06
100459.87052837935,0.001,0.0068108108347213,-2.6971119110540185,0.0054683051965739035,1.3019974627329172e-06
101243.30796771534,0.001,0.006945585008222608,-2.6932471613797304,0.005553918299056668,1.3083753591012887e-06
102032.85505280465,0.001,0.007083644444205,-2.6893384063395214,0.005640871641846758,1.3149184827097e-06
102828.55942978896,0.001,0.00722509580867251,-2.685384727442345,0.005729186201504388,1.3216324874678396e-06
103630.46911637892,0.001,0.007370050423658519,-2.6813851701250613,0.005818883282762566,1.328523281195726e-06
104438.63250475188,0.001,0.007518624527746026,-2.6773387417225334,0.005909984523656976,1.335597039955007e-06
105253.09836447227,0.001,0.0076709395543403565,-2.673244409296729,0.0060025119007357545,1.3428602233560847e-06
106073.91584543395,0.001,0.0078271224291167,-2.669101097313342,0.00609648773435064,1.3503195909189475e-06
106901.13448082739,0.001,0.00798730588819656,-2.664907685153309,0.006191934694030766,1.3579822195727297e-06
107734.804190128,0.001,0.00815162881875062,-2.6606630044454795,0.006288875803940111,1.3658555223868282e-06
108574.97528210901,0.001,0.00832023662388676,-2.6563658362053015,0.006387334448420252,1.3739472686351432e-06
109421.69845787653,0.001,0.008493281613857567,-2.6520149077629736,0.0064873343776194045,1.382265605304609e-06
110275.02481393047,0.001,0.008670923425818843,-2.647608889462836,0.006588899713209542,1.3908190801698223e-06
111135.00584524717,0.001,0.00885332947458633,-2.6431463911140174,0.006692054954192445,1.3996166665673116e-06
112001.69344838712,0.001,0.00904067543707997,-2.638625958170303,0.006796824982796424,1.408667790016111e-06
112875.1399246267,0.001,0.00923314577341248,-2.634046067614953,0.006903235070464949,1.4179823568457888e-06
113755.39798311466,0.001,0.009430934287877012,-2.629405123523717,0.007011310883938832,1.427570785009204e-06
114642.52074405193,0.001,0.009634244733419986,-2.6247014522764864,0.007121078491432925,1.4374440372751927e-06
115536.56174189864,0.001,0.009843291463556501,-2.619933297384883,0.0072325643689095985,1.447613657016454e-06
116437.57492860373,0.001,0.010058300136096812,-2.615098813899643,0.007345795406449616,1.4580918068300842e-06
117345.61467686134,0.001,0.010279508473516117,-2.610196062357664,0.007460798914722618,1.4688913102532447e-06
118260.7357833909,0.001,0.010507167085314541,-2.6052230022242506,0.007577602631558247,1.4800256968641797e-06
119182.99347224543,0.001,0.010741540358295559,-2.6001774847810712,0.00769623472862002,1.4915092510900786e-06
120112.44339814312,0.001,0.01098290742133807,-2.5950572454048566,0.007816723818182943,1.5033570650781264e-06
121049.14164982608,0.001,0.011231563191969229,-2.5898598951755045,0.007939098960016905,1.5155850960253452e-06
121993.14475344513,0.001,0.01148781951286531,-2.5845829117452106,0.008063389668377378,1.5282102284069094e-06
122944.50967597117,0.001,0.01175200638733263,-2.579223629392207,0.008189625919105032,1.5412503415921395e-06
123903.29382863193,0.001,0.012024473323863971,-2.573779228173592,0.008317838156835844,1.5547243833932907e-06
124869.55507037796,0.001,0.01230559080104542,-2.568246722081426,0.00844805730232393,1.5686524501552952e-06
125843.35171137327,0.001,0.012595751865419372,-2.5626229460945424,0.008580314759878098,1.583055874065692e-06
126824.74251651463,0.001,0.012895373876422181,-2.556904542005161,0.008714642424914498,1.5979573184446831e-06
127813.78670897668,0.001,0.01320490041422622,-2.551087942884201,0.00885107269162669,1.6133808818663303e-06
128810.54397378748,0.001,0.013524803368264638,-2.5451693560317072,0.008989638460775625,1.629352212065553e-06
129815.07446142923,0.001,0.013855585226429058,-2.5391447442390214,0.009130373147600464,1.64589863070299e-06
130827.43879146827,0.001,0.014197781587456677,-2.5330098051663588,0.009273310689852998,1.663049270193644e-06
131847.69805621338,0.001,0.01455196392190222,-2.5267599486132872,0.009418485555956932,1.680835223957519e-06
132875.91382440264,0.001,0.01491874261038175,-2.5203902714293815,0.009565932753294487,1.699289711624246e-06
133912.14814491782,0.001,0.015298770291543072,-2.513895529777474,0.009715687836621672,1.7184482609221521e-06
134956.46355053043,0.001,0.015692745556538698,-2.507270108421607,0.00986778691661505,1.7383489082094252e-06
136008.92306167423,0.001,0.016101417031733033,-2.500507986665207,0.010022266668551175,1.7590324198649036e-06
137069.59019024883,0.001,0.01652558789708076,-2.493602700510759,0.010179164341121361,1.7805425370545063e-06
138138.52894345124,0.001,0.01696612089417651,-2.4865473005492977,0.010338517765383404,1.802926246731713e-06
139215.8038276402,0.001,0.017423943885548555,-2.479334305014524,0.010500365363853096,1.8262340821244537e-06
140301.4798522277,0.001,0.017900056035507907,-2.471955647350544,0.010664746159736753,1.850520456413928e-06
141395.6225336024,0.001,0.018395534692972747,-2.464402617541626,0.010831699786307629,1.8758440338333035e-06
142498.2978990833,0.001,0.01891154306838587,-2.456665796334294,0.011001266496428278,1.9022681430165111e-06
143609.57249090436,0.001,0.01944933881039794,-2.4487349813431614,0.011173487172220964,1.9298612381224477e-06
144729.5133702292,0.001,0.02001028360371337,-2.4405991038678923,0.011348403334888367,1.958697414062581e-06
145858.18812119938,0.001,0.02059585392774831,-2.432246135054826,0.011526057154687533,1.9888569830870183e-06
146995.66485501197,0.001,0.021207653136942763,-2.423662979806917,0.011706491461058453,2.0204271210545694e-06
148142.0122140303,0.001,0.021847425048194466,-2.4148353565722984,0.011889749752910418,2.053502592948343e-06
149297.299375925,0.001,0.02251706924947478,-2.405747660816249,0.012075876209068108,2.0881865686234304e-06
150461.59605785046,0.001,0.02321865837687969,-2.396382809592198,0.012264915698880505,2.1245915414139425e-06
151634.97252065077,0.001,0.023954457645832324,-2.3867220641616185,0.012456913792994349,2.162840364109997e-06
152817.49957310004,0.001,0.0247269469666511,-2.3767448270531997,0.01265191677429527,2.2030674189698124e-06
154009.24857617542,0.001,0.02553884602598449,-2.3664284092785786,0.012849971649018795,2.245419940882334e-06
155210.2914473637,0.001,0.026393142774457014,-2.355747762609864,0.013051126158034406,2.29005951556157e-06
156420.70066500016,0.001,0.027293125827908334,-2.344675170842699,0.013255428788304378,2.337163777740584e-06
157640.54927264404,0.001,0.028242421365240827,-2.3331798927796505,0.0134629287845213,2.386928337724614e-06
158869.91088348534,0.001,0.029245035189978962,-2.321227748226512,0.013673676160925973,2.439568968300033e-06
160108.85968478772,0.001,0.030305400714203377,-2.3087806365418047,0.013887721713308999,2.495324087757458e-06
161357.470442364,0.001,0.03142843371995819,-2.2957959751495336,0.014105117031198603,2.5544575784407493e-06
162615.81850509005,0.001,0.03261959484948014,-2.2822260428346888,0.01432591451023826,2.617261983381269e-06
163883.9798094505,0.001,0.03388496086240555,-2.2680172094935256,0.014550167364755937,2.684062125550368e-06
165162.03088412152,0.001,0.03523130575970539,-2.2531090301935977,0.01477792964052872,2.755219193982748e-06
166450.04885458897,0.001,0.03666619288416767,-2.237433176787396,0.015009256227745717,2.831135336758626e-06
167748.1114478031,0.001,0.038198079023058315,-2.2209121747871325,0.015244202874171974,2.9122587898554617e-06
169056.29699686758,0.001,0.039836431291507816,-2.2034579066264515,0.015482826198516575,2.999089548914408e-06
170374.6844457687,0.001,0.04159185705613307,-2.184969834729735,0.015725183704008806,3.0921855513551503e-06
171703.3533541381,0.001,0.04347624619529516,-2.1653328890067405,0.015971333792184107,3.1921692686925553e-06
173042.38390205425,0.001,0.0455029233153809,-2.1444149537281767,0.016221335776884623,3.2997344974309657e-06
174391.85689487998,0.001,0.04768680473062269,-2.1220638788646786,0.016475249898476152,3.4156529570524852e-06
175751.85376814072,0.001,0.050044550415072185,-2.098103932284078,0.016733137338286533,3.5407800179809708e-06
177122.45659243726,0.001,0.05259469374686654,-2.072331604429229,0.016995060233267006,3.6760584343361023e-06
178503.7480783991,0.001,0.05535772016405301,-2.0445106812857263,0.017261081690881485,3.822518261046544e-06
179895.81158167537,0.001,0.05835604756492416,-2.014366523589938,0.01753126580422621,3.9812700681550025e-06
181298.7311079656,0.001,0.06161383311509879,-1.9815795459068557,0.017805677667384237,4.153486950316285e-06
182712.59131808765,0.001,0.06515648849739665,-1.945778004728261,0.018084383391017065,4.340368428945201e-06
184137.47753308876,0.001,0.06900972273669942,-1.9065304232098006,0.0183674501181989,4.543075869832573e-06
185573.47573939303,0.001,0.0731978423650688,-1.8633383695342534,0.018654946040495266,4.762624216262081e-06
187020.67259399095,0.001,0.07774091942540502,-1.8156309672058042,0.018946940414291246,4.99970860511943e-06
188479.1554296675,0.001,0.0826502960272101,-1.7627635847660517,0.019243503577371986,5.254437425327407e-06
189949.01226027444,0.001,0.08792176586438867,-1.7040247772934465,0.01954470696576076,5.525937945927484e-06
191430.33178604022,0.001,0.09352575660400798,-1.638657803438574,0.01985062313081693,5.811802713052277e-06
192923.20339892295,0.001,0.0993941442170215,-1.5659056832539502,0.020161325756598823,6.10736665560051e-06
194427.71718800502,0.001,0.1054043314512765,-1.4850907842705416,0.020476889677495412,6.404866541156191e-06
195943.96394492994,0.001,0.11136338924132047,-1.3957388529116797,0.02079739089613065,6.692659989735295e-06
197472.0351693796,0.001,0.11699858690670847,-1.2977488773993475,0.02112290660154452,6.954875283673958e-06
199012.02307459855,0.001,0.12196450436599389,-1.1915892849563494,0.021453515187655977,7.172058346568991e-06
200564.0205929568,0.001,0.12587772712031567,-1.0784678898219735,0.021789296272010584,7.323381695418519e-06
202128.12138155906,0.001,0.1283826582741092,-0.9603922919697417,0.02213033071481862,7.390502785693216e-06
203704.41982789466,0.001,0.1292343999978788,-0.840040799241745,0.02247670063828661,7.362151033885452e-06
205293.0110555362,0.001,0.12836618288835336,-0.7204280077606929,0.022828489446248778,7.2375585676303044e-06
206893.99092987805,0.001,0.12590766104560935,-0.6044533519635084,0.023185781844100885,7.0269399668105715e-06
208507.45606392197,0.001,0.12214441860460627,-0.49449075416323923,0.02354866385904223,6.748698347821608e-06
210133.5038241073,0.001,0.11744091009256567,-0.3921522555383593,0.023917222860630274,6.424802666402325e-06
211772.23233618707,0.001,0.11216275290586092,-0.29826086893361414,0.02429154758165288,6.0764066858977935e-06
213423.7404911479,0.001,0.10662371853540277,-0.2129770184390379,0.024671728139322013,5.721050368045063e-06
215088.1279511801,0.001,0.10106311438357789,-0.13599042967548092,0.025057856056795638,5.371637225804533e-06
216765.49515569027,0.001,0.09564594595263193,-0.0667075012537235,0.0254500242850307,5.036667553289792e-06
218455.94332736338,0.001,0.09047492570825703,-0.004399126122026826,0.02584832722497376,4.721074465605276e-06
220159.57447826923,0.001,0.08560592170026857,0.051698370545792745,0.026252860750093338,4.427189497319141e-06
221876.4914160213,0.001,0.08106223683854093,0.10232227309951923,0.0266637222292605,4.155593973974572e-06
223606.79774997896,0.001,0.0768459745155424,0.14815142910893087,0.027081010549981476,3.905775410258041e-06
225350.5978975003,0.001,0.07294632419265709,0.18979294624993479,0.027504826141988323,3.6765932070086733e-06
227107.99709024339,0.001,0.06934525305938034,0.22777999479961483,0.027935271001193498,3.4665899969973352e-06
228879.10138051707,0.001,0.06602124095255921,0.26257558893406585,0.028372448714012996,3.274189784122731e-06
230664.01764767888,0.001,0.06295163212539813,0.2945791617723685,0.028816464482063868,3.0978179621578856e-06
232462.85360458764,0.001,0.06011405066488953,0.32413408006363725,0.029267425147242926,2.935969672957794e-06
234275.71780410167,0.001,0.05748720205789935,0.3515350915295032,0.0297254392171903,2.7872451424897365e-06
236102.71964563045,0.001,0.05505128319641898,0.3770352087057736,0.03019061689114532,2.6503645709811387e-06
237943.96938173458,0.001,0.05278814941529948,0.40085182690779714,0.03066307008619981,2.5241708123626062e-06
239799.57812478195,0.001,0.05068133569069443,0.42317203435331047,0.031142912463955796,2.4076251103283285e-06
241669.65785365098,0.001,0.04871599432339414,0.44415715398602384,0.03163025945759232,2.2997991889552994e-06
243554.32142048865,0.001,0.046878788393161085,0.4639465929902664,0.03212522829934836,2.1998657159813124e-06
245453.68255752075,0.001,0.04515776525478339,0.4826610877021321,0.03262793804842824,2.107088338477348e-06
247367.8558839156,0.001,0.0435422246815999,0.5004054304943099,0.03313850961933571,2.0208119748626965e-06
249296.9569126988,0.001,0.042022590113334306,0.5172707580077743,0.03365706581064218,1.940453726993209e-06
251241.1020577273,0.001,0.040590287602561614,0.5333364705576633,0.03418373133419829,1.8654945808520074e-06
253200.4086407121,0.001,0.03923763466614827,0.5486718426236036,0.03471863284479195,1.7954719483164234e-06
255174.9948982996,0.001,0.03795773980377864,0.5633373750150056,0.03526189897026263,1.7299730360230386e-06
257164.97998920435,0.001,0.03674441260069774,0.5773859309900139,0.03581366034207608,1.6686289916241147e-06
259170.4840014031,0.001,0.03559208386352261,0.5908636914169475,0.0363740496263696,1.6111097607260997e-06
261191.6279593795,0.001,0.03449573500343783,0.6038109579609525,0.03694320155547147,1.5571195819566418e-06
263228.53383142804,0.001,0.03345083578880849,0.6162628281508913,0.03752125295990382,1.5063930481770585e-06
265281.32453701436,0.001,0.03245328958113671,0.628249761901315,0.03810834280087588,1.4586916659050025e-06
267350.1239541934,0.001,0.03149938520771191,0.6397980555006506,0.03870461220327408,1.413800850737819e-06
269435.0569270829,0.001,0.030585754688475984,0.6509302361076037,0.03931020448915707,1.3715273028942193e-06
271536.2492734006,0.001,0.029709336109594798,0.6616653873155844,0.039925265211764024,1.3316967132930738e-06
273653.8277920545,0.001,0.028867341013739476,0.6720194142566427,0.04054994219004161,1.2941517565167773e-06
275787.92027079593,0.001,0.02805722575240943,0.6820052549433487,0.041184385543699846,1.258750332382983e-06
277938.65549392876,0.001,0.027276666316377044,0.6916330430224418,0.04182874772880236,1.2253640225961412e-06
280106.1632500844,0.001,0.026523536225446672,0.7009102257825445,0.04248318357390211,1.1938767330450244e-06
282290.5743400517,0.001,0.025795887118070206,0.7098416400730105,0.043147850316726834,1.1641834957602226e-06
284492.0205846711,0.001,0.025091931735293747,0.7184295477143031,0.04382290764142562,1.1361894073582217e-06
286710.63483278936,0.001,0.024410029042756104,0.7266736309813238,0.04450851771638309,1.1098086829867526e-06
288946.55096927687,0.001,0.023748671279906833,0.7345709477979021,0.04520484523261082,1.0849638063447399e-06
291199.9039231052,0.001,0.02310647276832615,0.7421158453804397,0.04591205744272252,1.0615847572552015e-06
293470.8296754926,0.001,0.02248216035217392,0.7492998302121181,0.04663032420050495,1.0396082984668697e-06
295759.46526810795,0.001,0.021874565384674898,0.7561113914353501,0.047359818001090084,1.01897730276078e-06
298065.94881134154,0.001,0.02128261721655734,0.7625357740675298,0.04810071402173921,9.996400999040815e-07
300390.4194926375,0.001,0.020705338187062976,0.7685546979659756,0.04885319016324678,9.815498203306765e-07
302733.0175848966,0.001,0.020141840167173648,0.7741460183536408,0.04961742709197566,9.646637083699835e-07
305093.88445493864,0.001,0.019591322759745695,0.7792833242355841,0.05039360828252964,9.489423720382236e-07
307473.1625720344,0.001,0.01905307332380428,0.7839354726193728,0.0511819200610748,9.343489283974207e-07
309870.9955165027,0.001,0.018526469061283562,0.7880660597810438,0.05198255164931917,9.208479927157848e-07
312287.5279883759,0.001,0.018010981483561946,0.7916328369452513,0.05279569520915924,9.08404445471716e-07
314722.9058161292,0.001,0.01750618365899623,0.7945870882722431,0.05362154588800357,8.969818929276082e-07
317177.2759654846,0.001,0.017011760722664006,0.7968730063382914,0.05446030186478544,8.865407139316304e-07
319650.7865482776,0.001,0.01652752418733383,0.7984271277829814,0.05531216439667019,8.770355575063197e-07
322143.58683139604,0.001,0.016053430595097368,0.7991779342142072,0.056177337866472096,8.684121232479551e-07
324655.8272457852,0.001,0.015589604929077825,0.7990457869590211,0.057056029830787044,8.60603022032072e-07
327187.6593955299,0.001,0.01513636885719499,0.7979434559402666,0.05794845106885603,8.535224839733343e-07
329739.2360670005,0.001,0.014694273133474408,0.7957776291648084,0.05885481563216526,8.470596663085146e-07
332310.7112380735,0.001,0.014264132079431497,0.7924519510465231,0.05977534089479682,8.41070338708882e-07
334902.2400874236,0.001,0.013847055659059667,0.7878723211959189,0.060710247604539413,8.353668267476114e-07
337513.979003889,0.001,0.013444470848228184,0.781955344036206,0.06165975993477181,8.297063380864525e-07
340146.08559590584,0.001,0.013058118504000883,0.7746408473619837,0.06262410553712632,8.237782693898505e-07
342798.71870102355,0.001,0.01269000500683162,0.7659090862795316,0.06360351559494977,8.171919028555107e-07
345472.0383954872,0.001,0.012342281114476734,0.7558023142123191,0.06459822487756708,8.094671389330157e-07
348166.2060038991,0.001,0.012017017650555007,0.7444484919893064,0.06560847179536393,8.000325533799862e-07
350881.38410895114,0.001,0.01171585600539088,0.7320818799420699,0.06663449845569562,7.882368033571943e-07
353617.73656124034,0.001,0.011439540308662514,0.719051666854863,0.06767655071964067,7.733804152256475e-07
356375.42848915356,0.001,0.011187393586917591,0.705807438088255,0.06873487825960367,7.547738049618845e-07
359154.6263088336,0.001,0.010956873736546526,0.6928522086593457,0.06980973461778517,7.31822262337403e-07
361955.49773422105,0.001,0.010743402384507161,0.6806625988780781,0.07090137726552813,7.04128783976411e-07
364778.2117871766,0.001,0.010540645468151075,0.6695905089073828,0.0720100676635553,6.715932250368069e-07
367622.93880767754,0.001,0.010341299275428477,0.6597743704501511,0.0731360713231076,6.344774778442118e-07
370489.85046410153,0.001,0.010138229462350842,0.6510906332568819,0.07427965786800088,5.934092017470818e-07
373379.11976358335,0.001,0.009925634281373526,0.643162717039733,0.07544110109760852,5.493143102180436e-07
376290.92106245673,0.001,0.009699877345819724,0.6354217456997817,0.07662067905078769,5.032942502544833e-07
379225.43007677275,0.001,0.009459783898461442,0.6271947881771262,0.07781867407075857,4.564840198849859e-07
382182.8238929086,0.001,0.009206419475579422,0.6177918376455477,0.07903537287095552,4.0992989719545446e-07
385163.2809782506,0.001,0.008942536926077377,0.6065713549625366,0.08027106660185775,3.645124425014471e-07
388166.98119196534,0.001,0.00867192104875084,0.5929775651573131,0.08152605091881716,3.2092034608565036e-07
391194.10579585284,0.001,0.008398804920239896,0.5765530849205039,0.08280062605089654,2.7966458010175777e-07
394244.8374652863,0.001,0.008127443617958686,0.5569350486492943,0.08409509687073238,2.411147687303136e-07
397319.3603002325,0.001,0.007861859443498029,0.5338429885003384,0.08540977296543481,2.0553974330096565e-07
400417.8598363661,0.001,0.007605733868171962,0.5070649327119052,0.08674496870854329,1.7694655951056117e-07
403540.52305626316,0.001,0.007362407789424664,0.4764464272836502,0.08810100333304906,1.7236419964447653e-07
406687.53840068646,0.001,0.007134949696040181,0.44188602358922907,0.08947820100550044,1.6826242320673602e-07
409859.09577995347,0.001,0.006926252278273492,0.4033397429085432,0.09087689090120432,1.645836541750829e-07
413055.38658540195,0.001,0.006739120605348577,0.36083538873421445,0.09229740728054535,1.612918148026908e-07
416276.60370093654,0.001,0.006576321827400603,0.31449506181630993,0.09374008956642928,1.5837384636691597e-07
419522.941514669,0.001,0.006440578704829162,0.2645613344283462,0.09520528242287209,1.5583546690170698e-07
422794.59593064897,0.001,0.006334504709376783,0.21142020785407806,0.09669333583474973,1.5369411008855288e-07
426091.7643806871,0.001,0.006260492701211943,0.15561309357281572,0.09820460518872266,1.5197146721869772e-07
429414.64583626547,0.001,0.006220579164600302,0.09783115468277293,0.0997394513553514,1.5068705946383318e-07
432763.4408205502,0.001,0.006216310691269548,0.03888852647989539,0.10129824077242443,1.4985343074943573e-07
436138.35142048873,0.001,0.006248638826565435,-0.0203242691076661,0.10288134552950577,1.4947310142056883e-07
439539.58129900676,0.001,0.006317863649935807,-0.07890023945736427,0.10448914345372753,1.4953724164549625e-07
442967.3357072949,0.001,0.00642363632655638,-0.13597897185732452,0.10612201819683816,1.5002591154261449e-07
446421.82149720006,0.001,0.006565018639789074,-0.19080187261686143,0.10778035932352917,1.5090957855411333e-07
449903.24713370507,0.001,0.00674058667226855,-0.24275117189488246,0.1094645624010515,1.5215148918632848e-07
453411.822707509,0.001,0.006948559424625885,-0.2913689046763259,0.11117502909014304,1.5371040971346302e-07
456947.7599477056,0.001,0.007186932405808707,-0.3363568960942047,0.11291216723728377,1.5554329216962526e-07
460511.27223456156,0.001,0.007453600052046082,-0.37756217609042114,0.11467639096829614,1.576075465881333e-07
464102.57461238897,0.001,0.007746456923357158,-0.41495360150800675,0.1164681207833067,1.5986275582240376e-07
467721.88380252826,0.001,0.008063473708244532,-0.4485950833529407,0.1182877836530939,1.622718064229292e-07
471369.4182164228,0.001,0.008402748713363828,-0.47861946451832815,0.12013581311683,1.6480150158912313e-07
475045.3979688011,0.001,0.008762538283944457,-0.5052055031288063,0.12201264938124579,1.6742276715458773e-07
478750.0448909558,0.001,0.00914127072810953,-0.5285590547788358,0.12391873942122683,1.7011056986365079e-07
482483.5825441364,0.001,0.009537548320405393,-0.5488985948682128,0.1258545370818729,1.7284365372668788e-07
486246.2362330365,0.001,0.009950141351382114,-0.5664446710448822,0.12782050318202479,1.7560417759545918e-07
490038.2330193906,0.001,0.010377977354662662,-0.5814126307004776,0.12981710561928977,1.7837731349033727e-07
493859.80173567706,0.001,0.010820127813237858,-0.5940079202365354,0.1318448194765783,1.8115084483167973e-07
497711.1729989277,0.001,0.011275793935449158,-0.6044233116017587,0.13390412713017563,1.8391478800216548e-07
501592.57922464085,0.001,0.011744292533681476,-0.6128375158988559,0.13599551835936208,1.8666104948034786e-07
505504.2546408128,0.001,0.012225042628956458,-0.6194147571689517,0.1381194904576126,1.8938312335868067e-07
509446.43530206865,0.001,0.012717553118379642,-0.6243049831793644,0.14027654834538375,1.9207582945871868e-07
513419.35910390905,0.001,0.013221411651609364,-0.6276444767457834,0.14246720468451543,1.947350896389398e-07
517423.2657970623,0.001,0.013736274741405752,-0.6295566995801389,0.14469197999426534,1.973577385883467e-07
521458.3970019587,0.001,0.014261859060938614,-0.6301532526011733,0.14695140276900107,1.9994136492288782e-07
525524.996223307,0.001,0.014797933840968835,-0.6295348748957084,0.1492460095975629,2.0248417841384954e-07
529623.3088647904,0.001,0.015344314261792117,-0.6277924310094549,0.15157634528432515,2.049848994550614e-07
533753.5822438753,0.001,0.01590085572991506,-0.6250078555864658,0.15394296297197385,2.0744266727813102e-07
537916.0656067374,0.001,0.016467448932414794,-0.6212550377059425,0.1563464242660234,2.0985696386713772e-07
542111.0101432982,0.001,0.01704401556924276,-0.6166006362533465,0.1587872993610906,2.1222755095792634e-07
546338.6690023899,0.001,0.017630504673102232,-0.6111048235692954,0.16126616716895587,2.145544179072866e-07
550599.2973070276,0.001,0.0182268894365389,-0.6048219583724902,0.1637836154484215,2.168377385728346e-07
554893.1521698076,0.001,0.01883316447572571,-0.5978011912231775,0.16634024093699945,2.1907783565269387e-07
559220.4927084178,0.001,0.019449343469621586,-0.5900870070600641,0.16893664948444181,2.212751511968839e-07
563581.5800612819,0.001,0.02007545712153786,-0.5817197099431377,0.17157345618814748,2.2343022222381217e-07
567976.6774033138,0.001,0.02071155139756282,-0.5727358553021877,0.1742512855304548,2.255436605602812e-07
572406.0499617993,0.001,0.021357686002804657,-0.5631686348872479,0.17697077151785054,2.276161361772189e-07
576869.9650324027,0.001,0.02201393306205397,-0.5530482193525811,0.17973255782211545,2.2964836342051577e-07
581368.6919952974,0.001,0.02268037597632935,-0.5424020630535741,0.18253729792343162,2.3164108964133902e-07
585902.5023314181,0.001,0.023357108430935438,-0.5312551752444,0.18538565525546596,2.3359508581676278e-07
590471.6696388496,0.001,0.024044233534226477,-0.5196303614643759,0.18827830335246917,2.3551113882270735e-07
595076.4696493336,0.001,0.024741863069294,-0.5075484385120382,0.19121592599839454,2.3739004507972366e-07
599717.1802449101,0.001,0.025450116843385048,-0.49502842603889663,0.19419921737807191,2.392326053403378e-07
604394.0814746816,0.001,0.026169122122045987,-0.48208771745584755,0.19722888223045418,2.41039620426301e-07
609107.4555717205,0.001,0.026899013136856952,-0.46874223253653224,0.20030563600396897,2.4281188775676973e-07
613857.5869700958,0.001,0.027639930657200718,-0.45500655382396654,0.20343020501398326,2.4455019853536567e-07
618644.7623220385,0.001,0.028392021617864364,-0.44089404869821364,0.20660332660241854,2.462553354862943e-07
623469.2705152407,0.001,0.029155438795416974,-0.42641697874207973,0.20982574929953315,2.479280710480811e-07
628331.4026902894,0.001,0.029930340527284615,-0.4115865978464755,0.2130982329878993,2.4956916594869645e-07
633231.4522582311,0.001,0.030716890468278097,-0.39641324032474223,0.2164215490685902,2.511793680984333e-07
638169.7149182855,0.001,0.03151525738004445,-0.38090640015357274,0.21979648062961693,2.52759411747375e-07
643146.4886756847,0.001,0.03232561494951653,-0.3650748023250421,0.22322382261661994,2.543100168629738e-07
648162.0738596593,0.001,0.033148141632963916,-0.34892646717721754,0.2267043820058536,2.5583188869050587e-07
653216.7731415567,0.001,0.03398302052269024,-0.33246876846839807,0.23023897797947646,2.573257174651969e-07
658310.8915531145,0.001,0.034830439233813515,-0.3157084858699872,0.23382844210318537,2.587921782498576e-07
663444.7365048623,0.001,0.035690589808888756,-0.29865185247436105,0.2374736185061993,2.602319308760505e-07
668618.6178046742,0.001,0.03656366863842556,-0.2813045978447853,0.24117536406363177,2.6164561997037673e-07
673832.8476764645,0.001,0.03744987639559544,-0.26367198707390327,0.24493454858126576,2.630338750503718e-07
679087.7407790306,0.001,0.03834941798363796,-0.2457588562640471,0.24875205498276298,2.6439731067703073e-07
684383.614225036,0.001,0.03926250249465862,-0.2275696447958966,0.2526287794993196,2.657365266530103e-07
689720.787600155,0.001,0.04018934317867533,-0.2091084247108194,0.25656563186180964,2.670521082573617e-07
695099.582982353,0.001,0.04113015742190288,-0.19037892749622973,0.26056353549541866,2.683446265090656e-07
700520.3249613257,0.001,0.04208516673339295,-0.17138456853129036,0.264623427716809,2.6961463845293115e-07
705983.3406580806,0.001,0.04305459673924782,-0.1521284694223517,0.26874625993382306,2.708626874624326e-07
711488.9597446868,0.001,0.04403867718372411,-0.13261347843260538,0.27293299784777064,2.720893035549687e-07
717037.514464163,0.001,0.04503764193661473,-0.11284218918877012,0.2771846216582956,2.732950037157484e-07
722629.3396505289,0.001,0.04605172900637817,-0.09281695782805953,0.281502126270866,2.744802922271637e-07
728264.7727490109,0.001,0.04708118055853916,-0.07253991873169736,0.2858865215069002,2.7564566100102654e-07
733944.153836408,0.001,0.04812624293894283,-0.05201299897603613,0.2903388323165562,2.76791589911504e-07
739667.8256416069,0.001,0.049187166701489836,-0.0312379316188868,0.29486009899419613,2.779185471269632e-07
745436.133566274,0.001,0.05026420664002834,-0.010216267926618013,0.29945137739656874,2.7902698943927014e-07
751249.4257056928,0.001,0.05135762182410614,0.011050611362868855,0.30411373916370404,2.8011736258934187e-07
757108.0528697742,0.001,0.052467675638330644,0.0325614856558393,0.3088482719425662,2.8119010158800036e-07
763012.3686042185,0.001,0.053594635825103175,0.05431528491993713,0.31365607961346315,2.822456310313529e-07
768962.7292118614,0.001,0.05473877453053164,0.07631108083343152,0.31853828251926086,2.8328436541010994e-07
774959.4937741685,0.001,0.055900368353335624,0.09854807860353568,0.32349601769739045,2.843067094123613e-07
781003.0241729065,0.001,0.0570796983965896,0.12102560939705456,0.32853043911469515,2.853130582194795e-07
787093.685111981,0.001,0.058277050322163085,0.14374312333187317,0.3336427179051202,2.8630379779488735e-07
793231.8441394467,0.001,0.059492714407733634,0.16670018298267938,0.33883404261027245,2.8727930516553177e-07
799417.8716696815,0.001,0.06072698560626174,0.18989645735857455,0.3441056194228588,2.882399486959606e-07
805652.1410057483,0.001,0.06198016360783712,0.2133317163142727,0.34945867243304163,2.891860883549634e-07
811935.0283619169,0.001,0.06325255290380456,0.23700582535983436,0.35489444387769864,2.9011807597477633e-07
818266.9128863701,0.001,0.06454446285310181,0.2609187408372841,0.36041419439263295,2.910362555029059e-07
824648.1766840769,0.001,0.06585620775074062,0.28507050543508244,0.36601920326772286,2.9194096324663366e-07
831079.2048398613,0.001,0.06718810689838109,0.309461244014201,0.37171076870505765,2.928325281103199e-07
837560.3854416339,0.001,0.0685404846769448,0.33409115972158315,0.37749020808004163,2.937112718256171e-07
844092.1096038135,0.001,0.06991367062123093,0.3589605303691239,0.3833588582055009,2.9457750917473935e-07
850674.7714909291,0.001,0.07130799949649823,0.3840697050580161,0.3893180755988034,2.954315482069407e-07
857308.7683414076,0.001,0.07272381137698648,0.40941910103010637,0.3953692367519968,2.962736904483634e-07
863994.5004915395,0.001,0.07416145172634978,0.43500920072937016,0.40151373840497934,2.971042311054258e-07
870732.3713996476,0.001,0.07562127147999012,0.4608405490581819,0.4077529978217268,2.9792345926192976e-07
877522.7876704268,0.001,0.07710362712926923,0.4869137508140755,0.4140884530695595,2.9873165807005715e-07
884366.1590794857,0.001,0.0786088808075939,0.5132294682941265,0.42052156330148116,2.995291049354472e-07
891262.898598067,0.001,0.08013740037836449,0.539788419054905,0.4270538090415789,3.003160716965236e-07
898213.4224179796,0.001,0.08168955952478922,0.5665913738171455,0.4336866924735157,3.010928247982616e-07
905218.1499767073,0.001,0.08326573784155657,0.5936391545048766,0.44042173773208876,3.018596254605687e-07
912277.5039827217,0.001,0.0848663209283749,0.6209326324098123,0.4472604911978822,3.026167298414519e-07
919391.9104409914,0.001,0.08649170048538216,0.6484727264723725,0.4542045217950061,3.0336438919515324e-07
926561.7986786915,0.001,0.08814227441043476,0.6762604016714396,0.4612554212919249,3.0410285002541913e-07
933787.601371104,0.001,0.0898184468982838,0.704296667515491,0.46841480460537355,3.048323542340685e-07
941069.7545677399,0.001,0.09152062854165766,0.7325825766284816,0.4756843101073712,3.055531392650268e-07
948408.6977186453,0.001,0.09324923643425691,0.7611192234240693,0.48306559993530807,3.062654382439814e-07
955804.8737009243,0.001,0.09500469427568527,0.7899077428625442,0.4905603603051204,3.069694801138159e-07
963258.7288454577,0.001,0.09678743247833062,0.8189493092850241,0.4981703018275305,3.076654897659661e-07
970770.7129638478,0.001,0.0985978882762218,0.848245135320078,0.5058971598273689,3.0835368816785595e-07
978341.2793755566,0.001,0.10043650583587688,0.8777964708580531,0.5137426946659378,3.090342924865398e-07
985970.8849352627,0.001,0.10230373636916984,0.9076046020889428,0.5217086920664193,3.0970751620869926e-07
993659.9900604311,0.001,0.1042000382482413,0.9376708505998188,0.5297969634423249,3.1037356925712153e-07
1001409.0587590977,0.001,0.10612587712247896,0.9679965725281522,0.5380093462289438,3.1103265810378537e-07
1009218.5586578723,0.001,0.10808172603759537,0.9985831577676187,0.5463477042178042,3.1168498587968366e-07
1017088.9610301501,0.001,0.11006806555683106,1.0294320292231898,0.5548139278940859,3.12330752481498e-07
1025020.7408245653,0.001,0.1120853838843212,1.0605446421126614,0.5634099347770201,3.1297015467524075e-07
1033014.3766936362,0.001,0.11413417699064411,1.091922483311676,0.5721376697631755,3.1360338619697534e-07
1041070.3510226643,0.001,0.11621494874060186,1.1235670707399346,0.5809991054726837,3.1423063785072433e-07
1049189.1499588366,0.001,0.11832821102325174,1.1554799527859698,0.5899962425983085,3.1485209760366823e-07
1057371.263440564,0.001,0.12047448388423604,1.187662707768418,0.5991311102573545,3.1546795067872685e-07
1065617.1852270481,0.001,0.1226542956604404,1.2201169434316577,0.6084057663463868,3.1607837964463316e-07
1073927.4129280767,0.001,0.12486818311702297,1.2528442964738637,0.6178222978986977,3.166835645035807e-07
1082302.448034054,0.001,0.1271166915868525,1.285846432105706,0.6273828214445066,3.172836827765353e-07
1090742.7959462637,0.001,0.12940037511239477,1.3191250436379678,0.6370894833738213,3.178789095863053e-07
1099248.9660073621,0.001,0.131719796590091,1.3526818520964916,0.6469444603019248,3.1846941773843763e-07
1107821.4715321276,0.001,0.13407552791727437,1.3865186058630694,0.6569499594374514,3.1905537780003634e-07
1116460.8298384214,0.001,0.13646815014165886,1.4206370803407051,0.667108218952948,3.196369581765661e-07
1125167.5622784204,0.001,0.13889825361346145,1.455039077642191,0.6774215083579314,3.2021432518672423e-07
1133942.1942700702,0.001,0.1413664381401893,1.4897264263005592,0.6878921288743051,3.2078764313544536e-07
1142785.2553287942,0.001,0.14387331314414972,1.5247009810004224,0.6985224138141243,3.2135707438511273e-07
1151697.279099448,0.001,0.14641949782272887,1.5599646223290577,0.7093147289596029,3.2192277942503635e-07
1160678.803388522,0.001,0.14900562131149014,1.5955192565462752,0.720271472945307,3.2248491693927e-07
1169730.3701965977,0.001,0.15163232285014397,1.6313668153721006,0.731395077642444,3.230436438728165e-07
1178852.525751056,0.001,0.15430025195144356,1.667509255791424,0.7426880085451657,3.2359911549629236e-07
1188045.8205390305,0.001,0.15701006857305566,1.7039485598746908,0.7541527651587819,3.241514854690969e-07
1197310.8093406458,0.001,0.15976244329247527,1.7406867346140724,0.7657918813898351,3.2470090590115517e-07
1206648.051262475,0.001,0.16255805748502136,1.7777258117740657,0.7776079259378549,3.2524752741326823e-07
1216058.109771298,0.001,0.16539760350499366,1.8150678477561653,0.7896035026887812,3.2579149919614064e-07
1225541.552728094,0.001,0.1682817848700344,1.852714923476694,0.8017812511098674,3.263329690681213e-07
1235098.9524223122,0.001,0.17121131644876236,1.8906691442573536,0.8141438466459893,3.2687208353171424e-07
1244730.8856064084,0.001,0.1741869246517458,1.9289326397278252,0.8266940011172217,3.2740898782889005e-07
1254437.933530648,0.001,0.17720934762587193,1.9675075637399422,0.8394344631175593,3.2794382599526304e-07
1264220.681978184,0.001,0.1802793354521826,2.0063960942928736,0.8523680184146429,3.284767409131582e-07
1274079.7213004082,0.001,0.18339765034724403,2.0456004334689024,0.8654974903503521,3.2900787436362137e-07
1284015.6464525664,0.001,0.18656506686811436,2.085122807379219,0.878825740242092,3.2953736707740066e-07
1294029.0570296808,0.001,0.1897823721209931,2.1249654661195465,0.8923556677846894,3.3006535878494955e-07
1304120.5573027106,0.001,0.19305036597360264,2.1651306837348505,0.9060902114526128,3.3059198826547983e-07
1314290.7562550378,0.001,0.19636986127140277,2.2056207581931275,0.9200323489024884,3.311173933951015e-07
1324540.2676192052,0.001,0.19974168405768986,2.2464380113676032,0.9341850973756064,3.3164171119408715e-07
1334869.7099139555,0.001,0.20316667379767356,2.2875847890271874,0.9485515141003138,3.321650778732921e-07
1345279.7064815573,0.001,0.20664568360660424,2.3290634608348006,0.9631346966940594,3.326876288797625e-07
1355770.8855254208,0.001,0.21017958048203567,2.370876420353279,0.9779377835649042,3.332094989415596e-07
1366343.8801480075,0.001,0.21376924554030174,2.4130260850585836,0.9929639543122634,3.337308221118393e-07
1376999.3283890386,0.001,0.21741557425729874,2.4555148963600293,1.0082164301266914,3.342517318122041e-07
1387737.8732639868,0.001,0.22111947671365195,2.4983453196272625,1.0236984741884283,3.3477236087536393e-07
1398560.1628028993,0.001,0.2248818778443697,2.54151984422386,1.0394133920645336,3.3529284158713324e-07
1409466.850089482,0.001,0.2287037176930564,2.5850409835470964,1.0553645321042713,3.3581330572778454e-07
1420458.5933005298,0.001,0.23258595167080165,2.6289112750739534,1.0715552858325712,3.3633388461279054e-07
1431536.055745634,0.001,0.23652955081982088,2.673133280412906,1.087989088341219,3.3685470913297754e-07
1442699.9059072135,0.001,0.24053550208195817,2.717709585361467,1.1046694186775388,3.3737590979411155e-07
1453950.8174808542,0.001,0.24460480857214714,2.7626427999692154,1.1215998002302408,3.3789761675594743e-07
1465289.4694159657,0.001,0.24873848985693608,2.8079355586062036,1.1387838011121534,3.3841995987075463e-07
1476716.5459567516,0.001,0.25293758223817897,2.853590520036523,1.1562250345394898,3.3894306872135046e-07
1488232.7366835047,0.001,0.25720313904200515,2.8996103674969262,1.1739271592073468,3.3946707265865825e-07
1499838.7365542087,0.001,0.2615362309131716,2.9459978087802754,1.1918938796610357,3.399921008388079e-07
1511535.245946497,0.001,0.26593794611492594,2.99275557632386,1.2101289466629854,3.4051828225981057e-07
1523322.9706998938,0.001,0.2704093908344739,3.039886427302178,1.2286361575546996,3.410457457978104e-07
1535202.6221584298,0.001,0.27495168949419635,3.0873931437243733,1.2474193566135274,3.4157462024295254e-07
1547174.9172135575,0.001,0.27956598506871666,3.135278532535933,1.2664824354037278,3.421050343348677e-07
1559240.5783474152,0.001,0.28425343940795667,-3.0996398814548605,1.2858293331214767,3.426371167978053e-07
1571400.3336764267,0.001,0.289015233566304,-3.0509886267484028,1.305464036933347,3.43170996375426e-07
1583654.9169952394,0.001,0.2938525681380275,-3.0019501281170196,1.325390582307837,3.4370680186527427e-07
1596005.0678210072,0.001,0.29876666359906906,-2.952521477768377,1.3456130533394484,3.442446621529464e-07
1608451.5314380198,0.001,0.3037587606553577,-2.90269974240292,1.3661355830648532,3.4478470624597473e-07
1620995.058942665,0.001,0.30883012059777765,-2.852481963087972,1.38696235377062,3.4532706330743905e-07
1633636.4072887783,0.001,0.313982025663957,-2.801865155127952,1.408097597292034,3.458718626893245e-07
1646376.3393332935,0.001,0.3192157794069936,-2.750846307931147,1.4295455953023646,3.464192339656453e-07
1659215.6238823042,0.001,0.3245327070713089,-2.6994223848726606,1.451310679592154,3.4696930696534313e-07
1672155.0357374428,0.001,0.3299341559757547,-2.647590323154002,1.4733972323378162,3.47522211804981e-07
1685195.3557426415,0.001,0.33542149590415576,-2.5953470336591358,1.495809686359039,3.4807807892124515e-07
1698337.370831253,0.001,0.340996119503443,-2.5426894008071166,1.5185525253643264,3.486370391032725e-07
1711581.8740735378,0.001,0.3466594426895515,-2.4896142824014005,1.5416302841840162,3.491992235248161e-07
1724929.6647245248,0.001,0.3524129050612575,-2.436118509475798,1.5650475489901685,3.4976476377626345e-07
1738381.548272245,0.001,0.35825797032213375,-2.3821988861372017,1.588808957502565,3.5033379189652575e-07
1751938.336486327,0.001,0.36419612671079715,-2.3278521894051414,1.6129191991801264,3.5090644040480765e-07
1765600.8474670076,0.001,0.37022888743966725,-2.2730751690479987,1.63738301539707,3.514828423322752e-07
1779369.905694474,0.001,0.3763577911423803,-2.2178645474163243,1.6622051996028995,3.520631312536336e-07
1793246.342078642,0.001,0.38258440233011415,-2.162217019272809,1.687390597465617,3.5264744131863527e-07
1807230.9940092836,0.001,0.3889103118569806,-2.1061292516193744,1.7129441069971718,3.5323590728351975e-07
1821324.7054065652,0.001,0.3953371373947243,-2.049597883521116,1.7388706786604171,3.5382866454241513e-07
1835528.3267719739,0.001,0.40186652391693256,-1.9926195259272832,1.7651753154566328,3.5442584915870434e-07
1849842.7152396422,0.001,0.4085001441929807,-1.9351907614892483,1.791863072992749,3.550275978963692e-07
1864268.7346280732,0.001,0.4152396992919403,-1.8773081443755355,1.8189390595273154,3.5563404825134044e-07
1878807.2554922719,0.001,0.42208691909668244,-1.8189682000838798,1.8464084359942712,3.5624533848284764e-07
1893459.1551762647,0.001,0.4290435628284155,-1.7601674252504458,1.874276416003468,3.5686160764479985e-07
1908225.3178660714,0.001,0.4361114195819198,-1.7009022874559798,1.9025482658170363,3.5748299561720375e-07
1923106.6346430304,0.001,0.44329230887169985,-1.6411692250293037,1.9312293043003401,3.581096431376341e-07
1938104.0035375995,0.001,0.4505880811893614,-1.5809646468477014,1.9603249028466687,3.587416918327705e-07
1953218.3295835343,0.001,0.4580006185724366,-1.5202849321346081,1.9898404852742837,3.593792842500219e-07
1968450.5248725053,0.001,0.4655318351849631,-1.4591264302544014,2.0197815276948408,3.600225638892409e-07
1983801.5086091412,0.001,0.4731836779100946,-1.3974854605043203,2.0501535583519006,3.606716752345548e-07
1999272.2071664976,0.001,0.48095812695502654,-1.3353583119035946,2.080962157428269,3.613267637863248e-07
2014863.5541419613,0.001,0.4888571964685516,-1.272741242979719,2.1122129568209513,3.619879760932428e-07
2030576.490413593,0.001,0.49688293517154586,-1.2096304815518868,2.143911639882343,3.626554597845917e-07
2046411.964196889,0.001,0.5050374270006931,-1.1460222245116989,2.1760639411262694,3.6332936360267726e-07
2062370.9311020318,0.001,0.5133227917658169,-1.081912637600861,2.2086756458976136,3.640098374354506e-07
2078454.3541915242,0.001,0.5217411858210931,-1.0172978551863103,2.241752590003839,3.646970323493379e-07
2094663.2040383348,0.001,0.530294802750556,-0.9521739800322674,2.275300659307167,3.65391100622296e-07
2110998.4587844526,0.001,0.5389858740682101,-0.8865370830696471,2.3093257892757073,3.6609219577710443e-07
2127461.1041999185,0.001,0.5478166699331334,-0.8203832031625609,2.343833964491989,3.668004726149189e-07
2144052.133742311,0.001,0.5567894998799521,-0.7537083468720089,2.3788312181172953,3.6751608724910095e-07
2160772.5486167003,0.001,0.5659067135650769,-0.6865084882166952,2.4143236313101037,3.682391971393438e-07
2177623.3578360644,0.001,0.5751707015290982,-0.6187795684310445,2.450317332596866,3.6896996112610724e-07
2194605.578282186,0.001,0.5845838959757623,-0.5505174957202967,2.486818497193398,3.6970853946539245e-07
2211720.2347669974,0.001,0.5941487715679415,-0.4817181450128508,2.523833346274963,3.7045509386386295e-07
2228968.3600944574,0.001,0.603867846241073,-0.412377357709519,2.561368146193307,3.7120978751434474e-07
2246350.995122839,0.001,0.6137436820344662,-0.34249094143015346,2.599429207638481,3.719727851317156e-07
2263869.1888275757,0.001,0.6237788859410062,-0.2720546697570956,2.638022884743681,3.7274425298921474e-07
2281523.9983645407,0.001,0.6339761107756878,-0.20106428197592124,2.6771555741308575,3.7352435895518773e-07
2299316.489133851,0.001,0.6443380560635048,-0.12951548281311343,2.7168337138951015,3.7431327253029173e-07
2317247.7348441584,0.001,0.6548674689471988,-0.05740394217084232,2.757063782525556,3.751111648851882e-07
2335318.817577443,0.001,0.6655671451153984,0.015274705141265952,2.7978522977606555,3.759182088987413e-07
2353530.8278543144,0.001,0.6764399297516961,0.08852485967733771,2.8392058153753634,3.767345791967521e-07
2371884.864699824,0.001,0.6874887185052242,0.16235095762949828,2.8811309278980795,3.775604521912519e-07
2390382.035709767,0.001,0.6987164584833041,0.236757471105072,2.923634263254679,3.783960061203782e-07
2409023.4571175585,0.001,0.710126149266803,0.3117489084070536,2.966722483337421,3.792414210888714e-07
2427810.253861551,0.001,0.7217208439487536,0.38732981431735275,3.0104022824957806,3.800968791092047e-07
2446743.559652958,0.001,0.7335036501969532,0.4635047703834921,3.054680385947018,3.809625641433971e-07
2465824.517044246,0.001,0.7454777313411336,0.5402783952081821,3.0995635481033816,3.81838662145517e-07
2485054.277498091,0.001,0.757646307485435,0.6176553447421942,3.1450585508134012,3.8272536110492594e-07
2504434.0014568637,0.001,0.7700126566468575,0.6956403125803993,3.191172201514335,3.8362285109028525e-07
2523964.858412658,0.001,0.7825801159204336,0.7742380302610401,3.2379113312928665,3.845313242943646e-07
2543648.026977863,0.001,0.7953520826718627,0.8534532675682475,3.2852827928509987,3.854509750796834e-07
2563484.694956299,0.001,0.808332015758405,0.9332908328379166,3.333293458374161,3.863820000250215e-07
2583476.0594148682,0.001,0.8215234367787919,1.013755573266739,3.3819502172981877,3.8732459797284196e-07
2603623.3267558366,0.001,0.834929931353066,1.094852375224906,3.4312599739722316,3.8827897007765683e-07
2623927.7127895895,0.001,0.8485551504331007,1.1765861645718345,3.481229645213861,3.892453198553777e-07
2644390.4428080386,0.001,0.8624028116447928,1.2589619069756919,3.531866157753385,3.9022385323370206e-07
2665012.751658545,0.001,0.8764767006627653,1.3419846082361504,3.5831764455635553,3.912147786035621e-07
2685795.8838184383,0.001,0.8907806726185785,1.425659314610768,3.6351674470712725,3.9221830687169383e-07
2706741.0934701213,0.001,0.9053186535434076,1.509991113144938,3.6878461022475615,3.9323465151437004e-07
2727849.644576751,0.001,0.9200946418462156,1.5949851320054194,3.7412193495720523,3.9426402863233925e-07
2749122.8109585163,0.001,0.9351127098284694,1.6806465408175388,3.7952941228681603,3.9530665700702503e-07
2770561.8763695112,0.001,0.9503770052364836,1.7669805510061196,3.85007734800504,3.963627581580438e-07
2792168.1345751863,0.001,0.9658917528525166,1.853992416140052,3.9055759394621465,3.9743255640207446e-07
2813942.889430457,0.001,0.9816612561258214,1.941687432280917,3.9617967967526124,3.9851627891316425e-07
2835887.4549583443,0.001,0.9976898988447827,2.030070938335131,4.018746800700768,3.99614155784501e-07
2858003.1554293097,0.001,1.013982146851491,2.119148316410326,4.07643280956997,4.0072642009172975e-07
2880291.325441147,0.001,1.0305425497999665,2.208924992175494,4.134861655035973,4.018533079578682e-07
2902753.3099995265,0.001,1.0473757429594226,2.2994064352252193,4.194040138001549,4.029950586198864e-07
2925390.46459916,0.001,1.0644864490639412,2.3905981594480212,4.2539750242476675,4.041519144970208e-07
2948204.1553056,0.001,1.0818794802100256,2.482505723398824,4.314673039916613,4.0532412126088784e-07
2971195.7588376775,0.001,1.0995597398035015,2.5751347306756607,4.376140866822158,4.06511927907471e-07
2994366.662650586,0.001,1.1175322245573336,2.66849083030066,4.438385137581998,4.0771558683106026e-07
3017718.265019587,0.001,1.1358020265419522,2.7625797171053073,4.5014124305673215,4.0893535390021305e-07
3041251.9751244304,0.001,1.1543743352898042,2.8574071321203394,4.5652292646646595,4.101714885358294e-07
3064969.213134347,0.001,1.1732544399557678,2.9529788629698484,4.629842093844487,4.1142425379141294e-07
3088871.4102937914,0.001,1.192447731535357,3.049300744270259,4.695257301531642,4.1269391643561686e-07
3112960.0090087885,0.001,1.2119597051424453,-3.1368066491458597,4.76148119477187,4.139807470371582e-07
3137236.4629339827,0.001,1.231795962348549,-3.0389667731031835,4.828519998189197,4.1528502005219533e-07
3161702.23706036,0.001,1.2519622135856248,-2.9403589567481103,4.896379847728462,4.1660701391427263e-07
3186358.807803657,0.001,1.2724642806144864,-2.840977173412441,4.965066784177308,4.1794701112692785e-07
3211207.6630934533,0.001,1.2933080990610113,-2.740815347369994,5.0345867464618905,4.193052983590725e-07
3236250.3024629713,0.001,1.314499721022383,-2.639867353408527,5.10494556471037,4.2068216654325543e-07
3261488.2371395407,0.001,1.3360453177456806,-2.538127016396562,5.176148953078195,4.220779109769211e-07
3286922.990135842,0.001,1.3579511823813595,-2.4355881108446567,5.248202502329256,4.2349283142678617e-07
3312556.0963417585,0.001,1.3802237328139486,-2.332244360461636,5.321111672166347,4.249272322364609e-07
3338389.102617052,0.001,1.4028695145728325,-2.2280894377049436,5.3948817833052685,4.2638142243743535e-07
3364423.5678846794,0.001,1.4258952038256485,-2.123116963325651,5.469518009285574,4.2785571586357443e-07
3390661.063224877,0.001,1.449307610457255,-2.017320505907571,5.545025368012005,4.2935043126926245e-07
3417103.1719699674,0.001,1.4731136812372014,-1.9106935814005805,5.6214087130197905,4.308658924513321e-07
3443751.489799909,0.001,1.4973205030787593,-1.8032296526478975,5.698672724457398,4.324024283749452e-07
3470607.6248385874,0.001,1.5219353063927372,-1.694922128907275,5.776821899779892,4.3396037330357315e-07
3497673.1977508687,0.001,1.5469654685394072,-1.5857643653659035,5.855860544146246,4.355400669332467e-07
3524949.8418403706,0.001,1.5724185173819847,-1.4757496626490416,5.93579276051359,4.371418545312422e-07
3552439.2031480763,0.001,1.598302134945357,-1.364871266321805,6.016622439421854,4.3876608707939467e-07
3580142.9405516083,0.001,1.6246241611836967,-1.2531223663846724,6.0983532484613,4.4041312142220913e-07
3608062.725865389,0.001,1.6513925978610284,-1.140496096761716,6.180988621416487,4.420833204199795e-07
3636200.2439414957,0.001,1.6786156125486968,-1.026985534782121,6.264531747079075,4.43777053107109e-07
3664557.1927713435,0.001,1.7063015427440995,-0.9125837006543591,6.34898555772269,4.4549469485584535e-07
3693135.283588154,0.001,1.7344589001150599,-0.7972835569330425,6.434352717232491,4.472366275456572e-07
3721936.2409702195,0.001,1.7630963748745152,-0.6810780079781941,6.520635608882342,4.490032397384754e-07
3750961.802944976,0.001,1.7922228402903053,-0.5639598994067893,6.607836322752243,4.5079492686004375e-07
3780213.721093894,0.001,1.8218473573351441,-0.4459220175362942,6.695956642778876,4.526120913876312e-07
3809693.760658149,0.001,1.8519791794819591,-0.3269570888202094,6.784998033431836,4.5445514304436183e-07
3839403.7006452,0.001,1.8826277576502137,-0.20705777927490174,6.874961626008626,4.563244990004458e-07
3869345.333936086,0.001,1.913802745308748,-0.08621669389824886,6.9658482045405705,4.582205840815901e-07
3899520.46739367,0.001,1.9455140037413239,0.03557362392095979,7.057658191303139,4.6014383098489027e-07
3929930.9219716517,0.001,1.9777716074809422,0.15832069300243756,7.150391631922784,4.62094680502515e-07
3960578.532824455,0.001,2.0105858499195643,0.28203209498331205,7.244048180073559,4.6407358175351227e-07
3991465.1494179782,0.001,2.0439672490999947,0.4067154749365824,7.338627081756272,4.6608099242407414e-07
4022592.6356412005,0.001,2.0779265536970875,0.5323785419995547,7.434127159153023,4.6811737901662245e-07
4053962.8699186686,0.001,2.112474749195684,0.6590290700124574,7.530546794050408,4.701832171080829e-07
4085577.7453238186,0.001,2.147623064273042,0.7866748981674284,7.627883910824103,4.7227899161774323e-07
4117439.1696932674,0.001,2.1833829773940243,0.9153239316686596,7.726135958978677,4.744051970851024e-07
4149549.0657419167,0.001,2.219766223627385,1.0449841424034227,7.825299895235371,4.765623379581382e-07
4181909.3711789567,0.001,2.25678480169213,1.1756635696245825,7.925372165161641,4.787509288924374e-07
4214522.038824851,0.001,2.294450981243388,1.307370320645369,8.026348684336432,4.809714950616713e-07
4247389.036729146,0.001,2.332777310407336,1.4401125715460146,8.128224819044453,4.832245724798901e-07
4280512.348289246,0.001,2.3717766235755757,1.5738985678933062,8.230995366494009,4.855107083361645e-07
4313893.972370101,0.001,2.4114620494695664,1.7087366254732106,8.334654534552534,4.878304613421082e-07
4347535.923424834,0.001,2.451847019486367,1.844635131036988,8.43919592099438,4.901844020928494e-07
4381440.231616312,0.001,2.4929452763374034,1.9816025430614632,8.544612492255744,4.925731134420472e-07
4415608.94293962,0.001,2.5347708829925586,2.1196473925235417,8.650896561691729,4.94997190891566e-07
4450044.1193455905,0.001,2.577338231942587,2.2587782836901713,8.758039767331452,4.974572429964776e-07
4484747.8388652,0.001,2.6206620547932404,2.399003894923524,8.866033049126452,4.999538917860606e-07
4519722.195734947,0.001,2.6647574322053322,2.540332979502289,8.974866625688952,5.024877732015232e-07
4554969.300523285,0.001,2.7096398041957794,2.6827743664600896,9.084529970516881,5.050595375512101e-07
4590491.280257948,0.001,2.7553249808149918,2.826336961440809,9.195011787702159,5.076698499840798e-07
4626290.278554322,0.001,2.801829153217186,2.97102974757219,9.30629998712043,5.103193909822901e-07
4662368.455744802,0.001,2.8491689051407647,3.1168617863580628,9.418381659100078,5.130088568737672e-07
4698727.989009159,0.001,2.8973612248168665,-3.019343088589543,9.531243048569337,5.157389603656794e-07
4735371.072505934,0.001,2.9464235173250257,-2.8712050419001267,9.644869528680866,5.185104310997928e-07
4772299.917504811,0.001,2.9963736174158533,-2.7219000785694805,9.759245573913526,5.213240162307074e-07
4809516.752520112,0.001,3.047229802821907,-2.5714188142662913,9.874354732652575,5.241804810280721e-07
4847023.823445258,0.001,3.0990108080784404,-2.4197517815142877,9.990179599249036,5.270806095038877e-07
4884823.393688261,0.001,3.1517358388774244,-2.266889428671053,10.106701785560778,5.300252050660872e-07
4922917.744308378,0.001,3.2054245869791873,-2.1128221188817786,10.223901891978688,5.330150911996603e-07
4961309.174153722,0.001,3.260097245707157,-1.9575401290075833,10.341759477941178,5.360511121766133e-07
5000000.0,0.001,3.3157745260527403,-1.8010336485267617,10.460253031942512,5.391341337961751e-07
