% Model,flow3d_radial_control_solved.mph
% Version,COMSOL 6.4.0.429
% Date,"Oct 8 2026, 10:06"
% Table,Table - 
% Time (s),t/tau (1),c.Vb/V0 (1),c.Req/a (1),ref.xr (1),c.Um (m/s),a*ref.xrt (m/s),c.Ek/E0 (1),c.ic(1)/(4*pi*c.Req^2) (1),c.pb (Pa)
0,0,0.9816738593580032,0.9938535854413351,0.9999999997905454,-2.7088726747997977E-4,-1.5611820048765817E-4,4.66997737986658E-10,1.002112439993245,0
1.1180339887498947E-7,0.02,0.9809397914792449,0.9936057984908515,0.9997534203421592,-0.19551320243416523,-0.19521647644420634,6.447875293902719E-4,1.0021124960403385,0
2.2360679774997894E-7,0.04,0.9788665714372135,0.9929053081969046,0.9990533054839368,-0.3896197303091544,-0.39080480025022374,0.0025513844718684097,1.0021127537218755,0
3.354101966249684E-7,0.06,0.9756375513504593,0.991812328785156,0.9979571700995271,-0.5831889935057463,-0.5870141326829152,0.005686523523592293,1.002113402301945,0
4.4721359549995787E-7,0.08,0.9711470181951507,0.9902883281521635,0.9964240615943833,-0.7770487004262004,-0.7842080887869702,0.01002272688675596,1.0021148454701334,0
5.590169943749474E-7,0.1,0.9653959761847247,0.988329658341843,0.9944485778860387,-0.9712199023534993,-0.982749859032294,0.015541844091956534,1.0021176886538188,0
6.708203932499368E-7,0.12,0.958394342740503,0.9859345379137926,0.9920272478085727,-1.1665545892693476,-1.1829772483815493,0.022228007128724643,1.0021227449870374,0
7.826237921249263E-7,0.13999999999999999,0.95015457151158,0.9831008857928977,0.9891550221225964,-1.3624047882331307,-1.3853216992513302,0.030063455860071368,1.0021310478958538,0
8.944271909999157E-7,0.16,0.9406879049265776,0.9798250086433886,0.985828334202294,-1.5612908716952396,-1.5900544822859484,0.03903603226633163,1.0021439393900078,0
1.0062305898749053E-6,0.18000000000000002,0.9300019844909089,0.9761007019553231,0.9820408084754708,-1.762654247120435,-1.7976243412975765,0.04913264124532914,1.0021631024013555,0
1.1180339887498948E-6,0.2,0.9181095647970255,0.971922204140239,0.977785490441342,-1.966605506838784,-2.008474470590103,0.0603358007317652,1.002190549019694,0
1.2298373876248842E-6,0.22,0.9050257598039904,0.9672832044533592,0.9730545123985195,-2.1735181552780207,-2.2230709490017344,0.0726283026958006,1.0022286314797815,0
1.3416407864998737E-6,0.24,0.8907672244265776,0.9621764942094774,0.9678389353728544,-2.3838087491550475,-2.4419155919750293,0.08599476462024223,1.0022800936095007,0
1.4534441853748631E-6,0.26,0.875352178122093,0.9565938965570856,0.9621286513989681,-2.5979296500806037,-2.665553229204828,0.10042266504458766,1.0023481843783957,0
1.5652475842498526E-6,0.27999999999999997,0.8587991974598923,0.9505257283849062,0.9559100799591675,-2.8154944783667055,-2.8946862250560743,0.11589271668085244,1.0024367100450045,0
1.677050983124842E-6,0.3,0.8411320126340522,0.9439624541565909,0.9491714252626645,-3.0381602826053147,-3.1299121472503946,0.13238558568478853,1.0025504033602575,0
1.7888543819998315E-6,0.32,0.8223722260841956,0.9368918869304297,0.941898615440177,-3.2667012243127624,-3.3719401473252444,0.14988471011626006,1.0026950470553142,0
1.900657780874821E-6,0.33999999999999997,0.8025416723441663,0.9292998439039649,0.9340756184634066,-3.5018146952226132,-3.621576193299048,0.16836844728455366,1.0028778118656212,0
2.0124611797498106E-6,0.36000000000000004,0.7816636346668754,0.9211703892506733,0.9256843933312207,-3.7441646202395074,-3.8797296402384363,0.18781285226048322,1.0031075888923051,0
2.1242645786248E-6,0.38,0.7597635001486615,0.9124858570993357,0.9167046962266815,-3.9944351979581065,-4.147428961924963,0.20819121757552833,1.0033954152191042,0
2.2360679774997895E-6,0.4,0.7368687640278088,0.9032265930039299,0.9071138055640711,-4.2534640931147045,-4.425843731598836,0.2294740128236123,1.0037550109716162,0
2.347871376374779E-6,0.42,0.7130092761283036,0.8933707450648659,0.8968861781034756,-4.522137512083347,-4.716312726493896,0.25162793909469583,1.0042034591910238,0
2.4596747752497684E-6,0.44,0.6882171762324705,0.8828938719573027,0.8859930265733417,-4.801474430921525,-5.020381168131982,0.27461592117082534,1.0047621900761046,0
2.571478174124758E-6,0.46,0.6625273052414338,0.871768677085478,0.8744018093154406,-5.09258386450568,-5.339842188132237,0.2983970491992374,1.0054580316409385,0
2.6832815729997473E-6,0.48,0.6359772893473364,0.8599645241122915,0.8620756019052207,-5.396748109597314,-5.676796329140458,0.32292594453389045,1.0063250368944507,0
2.795084971874737E-6,0.5,0.6086079807155829,0.8474470020620105,0.8489723193882586,-5.715301688684528,-6.033725363492226,0.3481518752749721,1.0074063162744442,0
2.9068883707497262E-6,0.52,0.5804635725690953,0.8341772155356553,0.8350437445237908,-6.049813832162538,-6.413589024362203,0.37401890191812254,1.0087569531916365,0
3.0186917696247157E-6,0.54,0.5515921109466132,0.8201110849638932,0.8202342999941855,-6.401968942947791,-6.819953380498511,0.4004638862982931,1.0104478516539595,0
3.130495168499705E-6,0.5599999999999999,0.522045814926526,0.8051983436401076,0.8044794774784784,-6.773688266339753,-7.257163767848543,0.4274165392805145,1.012570897625223,0
3.2422985673746946E-6,0.58,0.4918814809011254,0.7893812817780135,0.7877037793104554,-7.166931562387463,-7.730595030258941,0.45479701212235696,1.0152464500016527,0
3.354101966249684E-6,0.6,0.461161198736099,0.7725932683712327,0.7698180323904722,-7.583992845004404,-8.246963635060174,0.4825159709516724,1.0186332213644025,0
3.4659053651246735E-6,0.62,0.4299528717858813,0.7547566555120853,0.7507157630044751,-8.027501279360218,-8.814817267336906,0.5104676418818382,1.0229456750186396,0
3.577708763999663E-6,0.64,0.39833158547272296,0.7357804568487875,0.7302682151787381,-8.499822571288078,-9.44523478629741,0.5385314314764383,1.0284737624973024,0
3.6895121628746524E-6,0.66,0.36638029073720524,0.715556670004336,0.7083173375850886,-9.003407030870116,-10.152885648400638,0.5665632409333256,1.0356185558939823,0
3.801315561749642E-6,0.6799999999999999,0.3341920490989663,0.6939561640590968,0.6846656071962168,-9.540219911509794,-10.957697633986635,0.594393147992401,1.0449443396122573,0
3.913118960624632E-6,0.7000000000000001,0.3018688882407528,0.6708201793819292,0.6590607606562442,-10.112597469462917,-11.88756553154736,0.6217986681619064,1.057265633953563,0
4.024922359499621E-6,0.7200000000000001,0.26958188031914243,0.6459966007348144,0.6312631928273029,-10.720067335370905,-12.972285924231187,0.6484047248700977,1.0737284418485302,0
4.136725758374611E-6,0.74,0.23741226581629507,0.6192048998058555,0.6008039296669068,-11.362945990608663,-14.275195319172067,0.673874253610072,1.0961773020902557,0
4.2485291572496E-6,0.76,0.2055055473001373,0.5901211541872093,0.5670879701858907,-12.029397991334962,-15.888561313545651,0.69772084040347,1.1275042697627353,0
4.36033255612459E-6,0.78,0.1740342265129921,0.5583136198916134,0.5292492127356867,-12.703774166900484,-17.968477506744872,0.7192521345375995,1.1725547752491787,0
4.472135954999579E-6,0.8,0.14321281844845404,0.5231914409296872,0.4859920835485111,-13.350839461643917,-20.79242349330878,0.7373750704418923,1.239964597465446,0
