% Model,free_coreshell3d_fine_solved.mph
% Version,COMSOL 6.4.0.429
% Date,"Oct 8 2026, 20:37"
% Table,Table - 
% Qdep (pJ),Qdep (J),c.stretch (1),c.Temp (K),c.pLP (Pa),c.pVP (Pa),c.rhoLP (kg/m^3),c.rhoVP (kg/m^3),c.fv (1),c.Rg (m),c.shellThickness (m),c.Qmin (N*m),(c.Qmin-Qdep)/Qdep (1),c.massResidual (1),c.pVP-c.pLP-2*sigLV/c.Rg (N/m^2),c.gLP-c.gVP (J/kg),c.pGel (N/m^2),G/2*(5-4/c.stretch-c.stretch^(-4)) (Pa),c.WsTotal (J),2*pi*G*a^3*(5*c.stretch^3/3-2*c.stretch^2+1/c.stretch-2/3) (J),c.Afree/(4*pi*c.Rfree^2) (1),c.maxd(c.stretchMax) (1),c.maxd(c.stretchMax)/lamFail (1),c.Rg/nucleusFloor (1)
11.55,1.155E-11,1.9087705334562375,340.2876736476746,302747.74715524033,337271.2584846939,1451.2496570858034,39.6958389127289,0.14672214028859523,5.451357430115789E-7,2.7495417025292456E-8,1.1550000000000003E-11,2.7975534786019604E-16,0,-9.112409316003323E-8,-1.318767317570746E-11,14144.668005572748,14145.38628904269,7.0611423983158614E-15,7.0591865941801984E-15,0.9999972261756213,1.945864609813547,0.9266021951493081,181.71191433719292
11.65,1.165E-11,2.001276280211082,339.1970240664924,294578.4608279554,327237.004568261,1455.7152860195213,38.507413114582796,0.16813163987573113,5.762657438016786E-7,2.4117140261646183E-8,1.1650000000000011E-11,9.7073905040759E-16,-3.356901115678861E-17,-2.2817403078079224E-8,7.867129170335829E-11,14693.252793595748,14694.673735607503,8.792734469686929E-15,8.790506572217034E-15,0.9999972020775881,2.040678724047134,0.9717517733557781,192.08858126722617
11.75,1.175E-11,2.0701142124732868,338.4374353932837,288967.8525449807,320381.3756781896,1458.805106243318,37.697225258721225,0.18495028113713743,5.991050390576677E-7,2.1929224684318424E-8,1.1749999999993565E-11,-5.476496641952642E-13,-3.356901115678861E-17,6.109239620855078E-6,-2.40243025473319E-9,15064.404208240448,15066.431712578902,1.0233763133869199E-14,1.02313586735581E-14,0.9999971816817678,2.1109253903643164,1.0052025668401505,199.7016796858892
11.819999999999999,1.182E-11,2.111287691098828,338.0024328843564,285785.09788767283,316503.94951877027,1460.5672395442205,37.23961981622555,0.19538258920426047,6.126531104095535E-7,2.073319692009494E-8,1.1819999999999998E-11,-1.3668249863727853E-16,0,2.3355823941528797E-9,-2.6147972675971687E-11,15273.044263831282,15275.467746803835,1.1160350606725741E-14,1.1157855665176083E-14,0.9999971685120238,2.1528056728867075,1.0251455585174798,204.21770346985113
11.9,1.19E-11,2.153718964478962,337.5682974039583,282631.21997087967,312669.36362224945,1462.320599337245,36.787505832487454,0.2064318123029018,6.265367200585502E-7,1.957896928513854E-8,1.189999999999999E-11,-9.503453728780188E-16,-3.356901115678861E-17,-3.7049176171422005E-8,-5.2523319027386606E-11,15478.492090669519,15481.34924521392,1.2167374849966607E-14,1.2164801506666647E-14,0.9999971542311202,2.197453157060383,1.0464062652668489,208.84557335285004
