% Model,free_coreshell3d_solved.mph
% Version,COMSOL 6.4.0.429
% Date,"Oct 8 2026, 20:26"
% Table,Table - 
% Qdep (pJ),Qdep (J),c.stretch (1),c.Temp (K),c.pLP (Pa),c.pVP (Pa),c.rhoLP (kg/m^3),c.rhoVP (kg/m^3),c.fv (1),c.Rg (m),c.shellThickness (m),c.Qmin (N*m),(c.Qmin-Qdep)/Qdep (1),c.massResidual (1),c.pVP-c.pLP-2*sigLV/c.Rg (N/m^2),c.gLP-c.gVP (J/kg),c.pGel (N/m^2),G/2*(5-4/c.stretch-c.stretch^(-4)) (Pa),c.WsTotal (J),2*pi*G*a^3*(5*c.stretch^3/3-2*c.stretch^2+1/c.stretch-2/3) (J),c.Afree/(4*pi*c.Rfree^2) (1),c.maxd(c.stretchMax) (1),c.maxd(c.stretchMax)/lamFail (1),c.Rg/nucleusFloor (1)
11.55,1.155E-11,1.9081302563992653,340.29769025018715,302827.28877255175,337364.5698552437,1451.2085260146132,39.70690735676513,0.14658758103768285,5.449184015088381E-7,2.7520675410941513E-8,1.1549999999999997E-11,-2.7975534786019604E-16,-1.6784505578394305E-17,7.697235560044646E-8,-3.9108272176235914E-11,14160.923469305882,14141.364574394764,7.059239368954562E-15,7.047995915927258E-15,0.9999946567886598,1.9602763638607636,0.9334649351717922,181.6394671696127
11.65,1.165E-11,2.0007781127595154,339.2051376516597,294642.97501152713,327310.9312403289,1455.6822388110227,38.51615970122578,0.16802450891427814,5.760997066396658E-7,2.4133727188188975E-8,1.1649999999999992E-11,-6.933850360054216E-16,0,-1.2127929949201643E-7,1.318767317570746E-11,14712.977924803563,14691.874898564876,8.794833729003211E-15,8.780562287364393E-15,0.9999946209145729,2.063418360758507,0.9825801717897652,192.03323554655523
11.75,1.175E-11,2.0696652984684194,338.4449487618522,289027.4912084388,320448.7726247017,1458.7746717720247,37.70518558581571,0.18485234184413918,5.98957112993377E-7,2.1942476547148852E-8,1.1749999999993481E-11,-5.547994966175975E-13,-3.356901115678861E-17,6.072688847780228E-6,-2.5725057639647275E-9,15086.322911127703,15064.09986281658,1.0238380296487711E-14,1.0221527439906912E-14,0.9999945952409374,2.1411197729458396,1.0195808442599235,199.6523709977923
11.819999999999999,1.182E-11,2.110857523866877,338.00974315202774,285843.0188996885,316568.9364883252,1460.5377194775945,37.247288138602194,0.1952880304728724,6.125122202019852E-7,2.0745036958078083E-8,1.1819999999999985E-11,-1.2301424877355068E-15,6.713802231357722E-17,-6.680056685581803E-8,-2.637534635141492E-11,15296.216981709498,15273.332098239514,1.1166461430736302E-14,1.1147920354376686E-14,0.9999945810105808,2.188013826777221,1.041911346084391,204.17074006732838
11.9,1.19E-11,2.1533027131316382,337.575477616029,282687.97645664035,312732.6202015383,1462.2916930565887,36.79496296856893,0.20633967637080997,6.264011701989958E-7,1.958964374049569E-8,1.1899999999999999E-11,-1.3576362469685983E-16,-3.356901115678861E-17,2.558954292908311E-8,3.9335645851679146E-11,15502.936562069779,15479.374390978606,1.2175062428122668E-14,1.2154662287363703E-14,0.9999945677605144,2.236680427746794,1.065085917974664,208.80039006633191
