% Model,gel_sensitivity3d_seeded_failed.mph
% Version,COMSOL 6.4.0.429
% Date,"Oct 8 2026, 21:49"
% Table,Table 2 - 
% caseIndex,Qdep (pJ),caseIndex,Qdep (J),G (Pa),sigLL (N/m),sigLV (N/m),c.stretch (1),c.Temp (K),c.fv (1),c.Rg (m),c.shellThickness (m),c.Qmin (N*m),(c.Qmin-Qdep)/Qdep (1),c.massResidual (1),c.pLP (Pa),c.pVP (Pa),c.pVP-c.pLP-2*sigLV/c.Rg (N/m^2),c.gLP-c.gVP (J/kg),c.pGel (N/m^2),G/2*(5-4/c.stretch-c.stretch^(-4)) (Pa),c.WsTotal (J),c.Afree/(4*pi*c.Rfree^2) (1),c.maxd(c.stretchMax) (1),c.maxd(c.stretchMax)/lamFail (1),c.Rg/nucleusFloor (1)
0,13,0,1.3E-11,10000,0.054,0.00941,2.5442166822703007,334.133908832342,0.3232234589809337,7.515886483168578E-7,1.1676356364232557E-8,1.3000000000000472E-11,3.6288572545896045E-14,0,258509.0150349385,283549.3080756926,-5.532638169825077E-8,-3.9335645851679146E-11,17011.632949243532,17019.70323499897,2.4139803878585676E-14,0.9999970071303924,2.628705616854246,1.2517645794544028,250.52954943895256
1,13,1,1.3E-11,10000,0.054,0.008,2.5857574363446356,333.3532658177205,0.33287844912544834,7.64618567651414E-7,1.1108663251976703E-8,1.2999999999999995E-11,-3.7282780012906897E-16,0,256368.91105853338,277294.3772674514,1.32011336972937E-7,2.6147972675971687E-11,17144.715107301716,17153.47685453692,2.5724070399617638E-14,0.9999969926604411,2.675981247596579,1.2742767845697995,254.87285588380465
2,13,2,1.3E-11,10000,0.054,0.014,2.3992101827733614,336.86111168662416,0.28899039803419907,7.05807952536752E-7,1.395510229525649E-8,1.3000000000007115E-11,5.473112105894732E-13,3.356901115678861E-17,266556.5289093121,306227.37690602406,-6.236950866878033E-8,9.208633855450898E-11,16507.14908221466,16513.02070896863,1.9096198901646935E-14,0.9999970619702241,2.465707379940461,1.1741463714002194,235.26931751225064
3,13,3,1.3E-11,27027.027027,0.054,0.00941,2.254485818340439,339.62434611471605,0.2552466929974581,6.595747520966694E-7,1.6770993405462297E-8,1.3000000000000017E-11,1.2427593337635631E-15,-6.713802231357722E-17,302741.4855532887,331275.02165386925,-2.763408701866865E-8,-1.318767317570746E-11,43059.84237267141,43068.252661621926,3.994100950519295E-14,0.9999973841393828,2.318458903974452,1.1040280495116437,219.85825069888978
4,13,4,1.3E-11,27027.027027,0.00114,0.00941,4.427430944918162E8+7.668535343600938E8i,-13914.64494658134,-2.3530382046881607E32,3.0000000000000037E-9,132.8229283445449+230.05606030802818i,NaN,NaN,0,NaN,NaN,NaN,NaN,NaN,67567.56753697775+5.286608031914377E-5i,-1.1570783105162586E31,-23.559377805063736-40.80603935308095i,6.814035318214627E12,3.244778722959346E12,1.000000000000001
