% Model,heat3d_control_time_solved.mph
% Version,COMSOL 6.4.0.429
% Date,"Oct 8 2026, 19:08"
% Table,Table - 
% Time (s),t (s),h.iv(Pabs/(Lx*Ly*Lz)) (W),h.iv(rhoS*CpS*(T-T0)) (J),Pabs*t (J),sqrt(h.iv((T-h.Tanalytic)^2)/h.iv(1)) (K),h.iv(T)/h.iv(1) (K),T0+Pabs*t/(rhoS*CpS*Lx*Ly*Lz) (K),8*h.iv((T-T0-Pabs*t/(rhoS*CpS*Lx*Ly*Lz))*h.mode)/h.iv(1) (K),A0*exp(-alphaS*pi^2*(Lx^(-2)+Ly^(-2)+Lz^(-2))*t) (K)
0,0,11.375999999999967,4.7358399115532727E-7,0,0.005408739265730553,293.15058072837655,293.15,9.99567415039556,10
5.0E-4,5.0E-4,11.375999999999967,0.005688018543857509,0.0056879999999999995,6.829515930697754E-4,300.1248847870719,300.1248620478234,0.9428333016017909,0.9442105009039137
0.001,0.001,11.375999999999967,0.011376018543857464,0.011375999999999999,1.5398391835276073E-4,307.0997468348951,307.0997240956468,0.08874563185883283,0.08915334700172195
0.0015,0.0015,11.375999999999967,0.017064018543857445,0.017064,5.702675558330458E-5,314.07460888271874,314.07458614347024,0.008273589929853168,0.008417952642975639
0.002,0.002,11.375999999999967,0.02275201854385732,0.022751999999999998,2.9317188659415046E-5,321.0494709305422,321.04944819129366,7.455757234784161E-4,7.948319281609444E-4
0.0025,0.0025,11.375999999999967,0.028440018543857262,0.02844,2.3704128841410463E-5,328.02433297836575,328.0243102391171,5.9696858228846875E-5,7.504886530232695E-5
0.003,0.003,11.375999999999967,0.034128018543857296,0.034128,2.2993896681515316E-5,334.99919502618974,334.9991722869405,6.49256885094212E-7,7.086192669938053E-6
0.0035,0.0035,11.375999999999967,0.03981601854385715,0.039816,2.2809623259004615E-5,341.9740570740122,341.9740343347639,-8.031752609408235E-7,6.690857530383857E-7
0.004,0.004,11.375999999999967,0.04550401854385709,0.045503999999999996,2.277109135411428E-5,348.94891912183584,348.94889638258735,-1.1992230475318686E-7,6.317577940240447E-8
0.0045000000000000005,0.0045000000000000005,11.375999999999967,0.05119201854385711,0.051192,2.27548856960972E-5,355.923781169659,355.92375843041077,2.421843183294611E-8,5.965123431453953E-9
0.005,0.005,11.375999999999967,0.05688001854385697,0.05688,2.2746967180971873E-5,362.8986432174826,362.8986204782342,2.3321732181138783E-8,5.632332183166814E-10
0.0055,0.0055,11.375999999999967,0.06256801854385682,0.062568,2.2743063821919553E-5,369.8735052653057,369.8734825260576,8.488168314943632E-9,5.3181071919251756E-11
0.006,0.006,11.375999999999967,0.06825601854385688,0.068256,2.2741136369451777E-5,376.84836731313,376.84834457388104,1.638774031475621E-9,5.021412655548381E-12
0.006500000000000001,0.006500000000000001,11.375999999999967,0.07394401854385683,0.07394400000000001,2.2740183095788533E-5,383.82322936095295,383.82320662170446,-8.194512861177838E-11,4.741270558740575E-13
0.007,0.007,11.375999999999967,0.0796320185438566,0.079632,2.2739711259340277E-5,390.7980914087765,390.7980686695279,-2.019036216362935E-10,4.476757449189436E-14
0.0075,0.0075,11.375999999999967,0.08532001854385665,0.08532,2.2739477542341866E-5,397.7729534565997,397.7729307173513,-8.605170373828625E-11,4.227001393524488E-15
0.008,0.008,11.375999999999967,0.0910080185438567,0.09100799999999999,2.2739361854297286E-5,404.74781550442356,404.7477927651747,-1.989889574734439E-11,3.9911791031012725E-16
0.0085,0.0085,11.375999999999967,0.0966960185438567,0.096696,2.2739304604451963E-5,411.72267755224675,411.72265481299814,-4.741624142265889E-13,3.7685132201364893E-17
0.009000000000000001,0.009000000000000001,11.375999999999967,0.10238401854385669,0.102384,2.2739276166807396E-5,418.69753960007046,418.69751686082157,2.0434697451597686E-12,3.558269755248098E-18
0.0095,0.0095,11.375999999999967,0.10807201854385673,0.10807199999999999,2.273926148216189E-5,425.672401647893,425.672378908645,-4.77428015173139E-14,3.3597556679540557E-19
0.01,0.01,11.375999999999967,0.11376001854385664,0.11376,2.2739254286021754E-5,432.6472636957172,432.6472409564684,-8.213201554218124E-13,3.172316582153664E-20
0.0105,0.0105,11.375999999999967,0.11944801854385655,0.119448,2.273925093578716E-5,439.62212574354004,439.62210300429183,-1.731811285069211E-13,2.9953346290611054E-21
0.011,0.011,11.375999999999967,0.1251360185438563,0.125136,2.2739249336650553E-5,446.59698779136323,446.59696505211525,3.661278746023867E-13,2.8282264104806275E-22
0.0115,0.0115,11.375999999999967,0.1308240185438564,0.130824,2.2739248590035933E-5,453.5718498391871,453.5718270999387,4.71882724539636E-13,2.670441075709593E-23
0.012,0.012,11.375999999999967,0.13651201854385628,0.136512,2.273924814612104E-5,460.5467118870101,460.5466891477621,3.4361440401762E-13,2.521458505730143E-24
0.0125,0.0125,11.375999999999967,0.14220001854385597,0.1422,2.2739247934206752E-5,467.521573934833,467.5215511955855,2.626125297775784E-13,2.3807875987038774E-25
0.013000000000000001,0.013000000000000001,11.375999999999967,0.14788801854385603,0.14788800000000002,2.2739247812713076E-5,474.4964359826563,474.49641324340894,3.280550815225658E-13,2.2479646511180157E-26
0.0135,0.0135,11.375999999999967,0.1535760185438561,0.153576,2.273924771596179E-5,481.4712980304787,481.47127529123236,3.519599997977942E-13,2.12255182924645E-27
0.014,0.014,11.375999999999967,0.15926401854385588,0.159264,2.2739247690329097E-5,488.44616007830257,488.4461373390558,4.849660974319883E-13,2.0041357258873105E-28
0.0145,0.0145,11.375999999999967,0.16495201854385605,0.164952,2.2739247690988624E-5,495.4210221261281,495.4209993868792,4.666234504156781E-13,1.8923259976194743E-29
0.015,0.015,11.375999999999967,0.17064001854385602,0.17064,2.2739247559585702E-5,502.3958841739508,502.3958614347026,4.944638786012098E-13,1.786754078085796E-30
0.0155,0.0155,11.375999999999967,0.17632801854385588,0.17632799999999998,2.2739247446367125E-5,509.3707462217747,509.37072348252605,3.607967100064142E-13,1.6870719630614895E-31
0.016,0.016,11.375999999999967,0.18201601854385627,0.18201599999999998,2.2739247375984877E-5,516.345608269597,516.3455855303495,2.722806283828198E-13,1.592951063303228E-32
0.0165,0.0165,11.375999999999967,0.18770401854385532,0.187704,2.273924727024764E-5,523.3204703174201,523.3204475781729,1.881106465433522E-13,1.5040811213969746E-33
0.017,0.017,11.375999999999967,0.19339201854385554,0.193392,2.273924716326448E-5,530.2953323652434,530.2953096259963,3.462085750765916E-13,1.4201691890343487E-34
0.0175,0.0175,11.375999999999967,0.19908001854385515,0.19908,2.273924712357175E-5,537.2701944130672,537.2701716738197,2.906426056467515E-13,1.340938661346419E-35
0.018000000000000002,0.018000000000000002,11.375999999999967,0.20476801854385515,0.204768,2.273924706988937E-5,544.2450564608902,544.2450337216432,3.324358714649996E-13,1.2661283651113357E-36
0.0185,0.0185,11.375999999999967,0.21045601854385537,0.21045599999999998,2.2739246909521935E-5,551.2199185087143,551.2198957694666,2.689660466682342E-13,1.1954916978304372E-37
0.019,0.019,11.375999999999967,0.21614401854385515,0.21614399999999998,2.2739246976901502E-5,558.194780556537,558.1947578172899,1.9809589878692872E-13,1.1287958148349403E-38
0.0195,0.0195,11.375999999999967,0.2218320185438552,0.221832,2.2739246781682224E-5,565.1696426043594,565.1696198651134,1.7486857771383575E-13,1.0658208617435488E-39
0.02,0.02,11.375999999999967,0.22752001854385479,0.22752,2.2739246609162504E-5,572.1445046521827,572.1444819129368,3.307784368378068E-13,1.0063592497407107E-40
