% Model,heat3d_control_mesh_solved.mph
% Version,COMSOL 6.4.0.429
% Date,"Oct 8 2026, 19:03"
% Table,Table - 
% Time (s),t (s),h.iv(Pabs/(Lx*Ly*Lz)) (W),h.iv(rhoS*CpS*(T-T0)) (J),Pabs*t (J),sqrt(h.iv((T-h.Tanalytic)^2)/h.iv(1)) (K),h.iv(T)/h.iv(1) (K),T0+Pabs*t/(rhoS*CpS*Lx*Ly*Lz) (K),8*h.iv((T-T0-Pabs*t/(rhoS*CpS*Lx*Ly*Lz))*h.mode)/h.iv(1) (K),A0*exp(-alphaS*pi^2*(Lx^(-2)+Ly^(-2)+Lz^(-2))*t) (K)
0,0,11.375999999999975,4.545065478142932E-7,0,0.0018254151529132072,293.1505573348224,293.15,9.997701731762078,10
5.0E-4,5.0E-4,11.375999999999975,0.005687999453171103,0.0056879999999999995,7.420213368590428E-4,300.1248613772789,300.1248620478234,0.9421518150721503,0.9442105009039137
0.001,0.001,11.375999999999975,0.011375999453171167,0.011375999999999999,4.2074450911714983E-4,307.0997234251026,307.0997240956468,0.08796399215452481,0.08915334700172195
0.0015,0.0015,11.375999999999975,0.017063999453171216,0.017064,2.2070496187066732E-4,314.0745854729259,314.07458614347024,0.007793777368989452,0.008417952642975639
0.002,0.002,11.375999999999975,0.022751999453171284,0.022751999999999998,6.487293095825468E-5,321.0494475207496,321.04944819129366,6.114419944883567E-4,7.948319281609444E-4
0.0025,0.0025,11.375999999999975,0.028439999453171383,0.02844,2.4216178266757953E-5,328.02430956857273,328.0243102391171,6.686062212721515E-6,7.504886530232695E-5
0.003,0.003,11.375999999999975,0.034127999453171444,0.034128,5.541661641415297E-6,334.9991716163965,334.9991722869405,-8.258226959016482E-6,7.086192669938053E-6
0.0035,0.0035,11.375999999999975,0.039815999453171526,0.039816,1.1463390169295954E-6,341.97403366422026,341.9740343347639,-1.2339516015767657E-6,6.690857530383857E-7
0.004,0.004,11.375999999999975,0.04550399945317162,0.045503999999999996,8.109678718199539E-7,348.94889571204374,348.94889638258735,2.4852400367096997E-7,6.317577940240447E-8
0.0045000000000000005,0.0045000000000000005,11.375999999999975,0.051191999453171814,0.051192,7.465098382241769E-7,355.92375775986693,355.92375843041077,2.3966610395697954E-7,5.965123431453953E-9
0.005,0.005,11.375999999999975,0.05687999945317178,0.05688,7.074471447904735E-7,362.8986198076908,362.8986204782342,8.727434976321345E-8,5.632332183166814E-10
0.0055,0.0055,11.375999999999975,0.06256799945317189,0.062568,6.887537761693667E-7,369.873481855514,369.8734825260576,1.6864376858553742E-8,5.3181071919251756E-11
0.006,0.006,11.375999999999975,0.0682559994531721,0.068256,6.796112150883645E-7,376.8483439033378,376.84834457388104,-8.373447319819228E-10,5.021412655548381E-12
0.006500000000000001,0.006500000000000001,11.375999999999975,0.07394399945317215,0.07394400000000001,6.750505774424131E-7,383.8232059511612,383.82320662170446,-2.0779866257996148E-9,4.741270558740575E-13
0.007,0.007,11.375999999999975,0.07963199945317215,0.079632,6.727794840423569E-7,390.7980679989848,390.7980686695279,-8.883908016984789E-10,4.476757449189436E-14
0.0075,0.0075,11.375999999999975,0.08531999945317215,0.08532,6.716517171862329E-7,397.77293004680837,397.7729307173513,-2.0769673617739524E-10,4.227001393524488E-15
0.008,0.008,11.375999999999975,0.09100799945317226,0.09100799999999999,6.710922412478387E-7,404.7477920946319,404.7477927651747,-8.097047807743346E-12,3.9911791031012725E-16
0.0085,0.0085,11.375999999999975,0.09669599945317248,0.096696,6.708147320719699E-7,411.72265414245544,411.72265481299814,1.723258847940695E-11,3.7685132201364893E-17
0.009000000000000001,0.009000000000000001,11.375999999999975,0.10238399945317232,0.102384,6.706772716098677E-7,418.6975161902794,418.69751686082157,9.077709106705525E-12,3.558269755248098E-18
0.0095,0.0095,11.375999999999975,0.1080719994531725,0.10807199999999999,6.706062677138504E-7,425.6723782381022,425.672378908645,-8.558054431252052E-13,3.3597556679540557E-19
0.01,0.01,11.375999999999975,0.1137599994531725,0.11376,6.705714837138997E-7,432.64724028592565,432.6472409564684,-2.6126255390759715E-12,3.172316582153664E-20
0.0105,0.0105,11.375999999999975,0.11944799945317258,0.119448,6.705552368040398E-7,439.6221023337494,439.62210300429183,-5.846332968182013E-13,2.9953346290611054E-21
0.011,0.011,11.375999999999975,0.12513599945317286,0.125136,6.705478031766217E-7,446.59696438157306,446.59696505211525,6.186468597025538E-13,2.8282264104806275E-22
0.0115,0.0115,11.375999999999975,0.130823999453173,0.130824,6.70544293625461E-7,453.5718264293963,453.5718270999387,5.916537781753258E-13,2.670441075709593E-23
0.012,0.012,11.375999999999975,0.1365119994531729,0.136512,6.705427634480157E-7,460.54668847721996,460.5466891477621,3.1953263493570235E-13,2.521458505730143E-24
0.0125,0.0125,11.375999999999975,0.14219999945317305,0.1422,6.705420487214244E-7,467.5215505250432,467.5215511955855,1.3360157722641282E-13,2.3807875987038774E-25
0.013000000000000001,0.013000000000000001,11.375999999999975,0.14788799945317305,0.14788800000000002,6.705416314624697E-7,474.4964125728671,474.49641324340894,1.0644085814691946E-13,2.2479646511180157E-26
0.0135,0.0135,11.375999999999975,0.15357599945317324,0.153576,6.705413010346984E-7,481.4712746206907,481.47127529123236,3.423690756028216E-13,2.12255182924645E-27
0.014,0.014,11.375999999999975,0.1592639994531734,0.159264,6.705409491659628E-7,488.4461366685136,488.4461373390558,3.0756311909689926E-13,2.0041357258873105E-28
0.0145,0.0145,11.375999999999975,0.16495199945317354,0.164952,6.705406798895528E-7,495.42099871633854,495.4209993868792,2.532981821634767E-13,1.8923259976194743E-29
0.015,0.015,11.375999999999975,0.17063999945317368,0.17064,6.705404709376257E-7,502.3958607641607,502.3958614347026,2.1538190608839224E-13,1.786754078085796E-30
0.0155,0.0155,11.375999999999975,0.17632799945317384,0.17632799999999998,6.705401465467248E-7,509.3707228119865,509.37072348252605,2.2776368140047284E-13,1.6870719630614895E-31
0.016,0.016,11.375999999999975,0.18201599945317407,0.18201599999999998,6.70539779240158E-7,516.3455848598103,516.3455855303495,2.2500641278235302E-13,1.592951063303228E-32
0.0165,0.0165,11.375999999999975,0.18770399945317462,0.187704,6.705394460230274E-7,523.3204469076333,523.3204475781729,4.680010470151945E-13,1.5040811213969746E-33
0.017,0.017,11.375999999999975,0.19339199945317456,0.193392,6.705391816420661E-7,530.2953089554562,530.2953096259963,4.586815192226995E-13,1.4201691890343487E-34
0.0175,0.0175,11.375999999999975,0.19907999945317487,0.19908,6.705389754896117E-7,537.2701710032807,537.2701716738197,4.515258167772726E-13,1.340938661346419E-35
0.018000000000000002,0.018000000000000002,11.375999999999975,0.20476799945317495,0.204768,6.705387072185184E-7,544.245033051103,544.2450337216432,5.392109783411041E-13,1.2661283651113357E-36
0.0185,0.0185,11.375999999999975,0.21045599945317506,0.21045599999999998,6.705384764147201E-7,551.219895098928,551.2198957694666,4.269843350092294E-13,1.1954916978304372E-37
0.019,0.019,11.375999999999975,0.21614399945317572,0.21614399999999998,6.705380996976793E-7,558.1947571467515,558.1947578172899,2.5364865787809397E-13,1.1287958148349403E-38
0.0195,0.0195,11.375999999999975,0.22183199945317558,0.221832,6.705378377850916E-7,565.1696191945754,565.1696198651134,2.1331319303506518E-13,1.0658208617435488E-39
0.02,0.02,11.375999999999975,0.227519999453176,0.22752,6.705375787133893E-7,572.144481242399,572.1444819129368,1.371948774024865E-13,1.0063592497407107E-40
