% Model,heat3d_control_solved.mph
% Version,COMSOL 6.4.0.429
% Date,"Oct 8 2026, 19:00"
% Table,Table - 
% Time (s),t (s),h.iv(Pabs/(Lx*Ly*Lz)) (W),h.iv(rhoS*CpS*(T-T0)) (J),Pabs*t (J),sqrt(h.iv((T-h.Tanalytic)^2)/h.iv(1)) (K),h.iv(T)/h.iv(1) (K),T0+Pabs*t/(rhoS*CpS*Lx*Ly*Lz) (K),8*h.iv((T-T0-Pabs*t/(rhoS*CpS*Lx*Ly*Lz))*h.mode)/h.iv(1) (K),A0*exp(-alphaS*pi^2*(Lx^(-2)+Ly^(-2)+Lz^(-2))*t) (K)
0,0,11.375999999999967,4.733792231535782E-7,0,0.005408628162142938,293.15058047728127,293.15,9.995674992024982,10
5.0E-4,5.0E-4,11.375999999999967,0.005688018325960612,0.0056879999999999995,0.0012001561186330354,300.1248845198779,300.1248620478234,0.9410967975371214,0.9442105009039137
0.001,0.001,11.375999999999967,0.011376018325960534,0.011375999999999999,4.937851618797069E-4,307.0997465677013,307.0997240956468,0.0877649698576645,0.08915334700172195
0.0015,0.0015,11.375999999999967,0.017064018325960512,0.017064,1.8458606954508536E-4,314.0746086155245,314.07458614347024,0.007900737942125546,0.008417952642975639
0.002,0.002,11.375999999999967,0.022752018325960438,0.022751999999999998,7.210163250797131E-5,321.04947066334904,321.04944819129366,6.01861537170097E-4,7.948319281609444E-4
0.0025,0.0025,11.375999999999967,0.02844001832596045,0.02844,3.26264294844507E-5,328.0243327111719,328.0243102391171,9.062183986775141E-6,7.504886530232695E-5
0.003,0.003,11.375999999999967,0.03412801832596039,0.034128,2.3350165329046198E-5,334.99919475899515,334.9991722869405,-9.302135019526667E-6,7.086192669938053E-6
0.0035,0.0035,11.375999999999967,0.03981601832596037,0.039816,2.2555679284005103E-5,341.97405680681925,341.9740343347639,-1.395415854788684E-6,6.690857530383857E-7
0.004,0.004,11.375999999999967,0.045504018325960405,0.045503999999999996,2.2507247424393348E-5,348.94891885464205,348.94889638258735,2.7744249389301124E-7,6.317577940240447E-8
0.0045000000000000005,0.0045000000000000005,11.375999999999967,0.051192018325960265,0.051192,2.248947269645411E-5,355.92378090246456,355.92375843041077,2.69328427837602E-7,5.965123431453953E-9
0.005,0.005,11.375999999999967,0.05688001832596007,0.05688,2.248057548105663E-5,362.8986429502889,362.8986204782342,9.824688748310935E-8,5.632332183166814E-10
0.0055,0.0055,11.375999999999967,0.06256801832596001,0.062568,2.247625349172261E-5,369.8735049981122,369.8734825260576,1.902695104015812E-8,5.3181071919251756E-11
0.006,0.006,11.375999999999967,0.0682560183259599,0.068256,2.2474131410204772E-5,376.84836704593556,376.84834457388104,-9.237826895531538E-10,5.021412655548381E-12
0.006500000000000001,0.006500000000000001,11.375999999999967,0.07394401832595997,0.07394400000000001,2.2473082565866663E-5,383.8232290937587,383.82320662170446,-2.3345767930588994E-9,4.741270558740575E-13
0.007,0.007,11.375999999999967,0.07963201832595997,0.079632,2.2472563376160496E-5,390.7980911415822,390.7980686695279,-9.994182729144034E-10,4.476757449189436E-14
0.0075,0.0075,11.375999999999967,0.08532001832595977,0.08532,2.2472306290667167E-5,397.77295318940554,397.7729307173513,-2.338015944422229E-10,4.227001393524488E-15
0.008,0.008,11.375999999999967,0.09100801832595976,0.09100799999999999,2.247217893243897E-5,404.74781523722953,404.7477927651747,-9.208997420423476E-12,3.9911791031012725E-16
0.0085,0.0085,11.375999999999967,0.09669601832595966,0.096696,2.2472115903897476E-5,411.7226772850533,411.72265481299814,1.9289813037281386E-11,3.7685132201364893E-17
0.009000000000000001,0.009000000000000001,11.375999999999967,0.10238401832595971,0.102384,2.2472084727036955E-5,418.69753933287564,418.69751686082157,1.0217665233360098E-11,3.558269755248098E-18
0.0095,0.0095,11.375999999999967,0.10807201832595992,0.10807199999999999,2.247206858101209E-5,425.67240138069883,425.672378908645,-9.565962334429378E-13,3.3597556679540557E-19
0.01,0.01,11.375999999999967,0.11376001832595962,0.11376,2.2472060698089957E-5,432.64726342852214,432.6472409564684,-2.8993064388864755E-12,3.172316582153664E-20
0.0105,0.0105,11.375999999999967,0.11944801832595965,0.119448,2.2472056953660766E-5,439.6221254763455,439.62210300429183,-6.230007715515737E-13,2.9953346290611054E-21
0.011,0.011,11.375999999999967,0.12513601832595972,0.125136,2.247205523034639E-5,446.5969875241685,446.59696505211525,8.69850255899755E-13,2.8282264104806275E-22
0.0115,0.0115,11.375999999999967,0.1308240183259594,0.130824,2.2472054363206002E-5,453.5718495719927,453.5718270999387,7.679754471182583E-13,2.670441075709593E-23
0.012,0.012,11.375999999999967,0.13651201832595974,0.136512,2.24720539306603E-5,460.5467116198158,460.5466891477621,2.8244486685490376E-13,2.521458505730143E-24
0.0125,0.0125,11.375999999999967,0.14220001832595916,0.1422,2.2472053652212726E-5,467.52157366763936,467.5215511955855,1.8324236343845805E-13,2.3807875987038774E-25
0.013000000000000001,0.013000000000000001,11.375999999999967,0.1478880183259593,0.14788800000000002,2.2472053375007818E-5,474.4964357154629,474.49641324340894,2.840407786145288E-13,2.2479646511180157E-26
0.0135,0.0135,11.375999999999967,0.1535760183259589,0.153576,2.2472053239402647E-5,481.4712977632866,481.47127529123236,3.6455753810773936E-13,2.12255182924645E-27
0.014,0.014,11.375999999999967,0.1592640183259589,0.159264,2.2472053114162192E-5,488.44615981110815,488.4461373390558,3.0800617924979103E-13,2.0041357258873105E-28
0.0145,0.0145,11.375999999999967,0.16495201832595915,0.164952,2.2472053140392624E-5,495.42102185893333,495.4209993868792,2.419376667709412E-13,1.8923259976194743E-29
0.015,0.015,11.375999999999967,0.170640018325959,0.17064,2.2472053093393384E-5,502.3958839067562,502.3958614347026,2.2366649331365724E-13,1.786754078085796E-30
0.0155,0.0155,11.375999999999967,0.1763280183259589,0.17632799999999998,2.2472053139696153E-5,509.3707459545787,509.37072348252605,3.1915911168831516E-13,1.6870719630614895E-31
0.016,0.016,11.375999999999967,0.18201601832595937,0.18201599999999998,2.2472053162643742E-5,516.345608002402,516.3455855303495,3.961552989519251E-13,1.592951063303228E-32
0.0165,0.0165,11.375999999999967,0.18770401832595895,0.187704,2.2472053153937822E-5,523.3204700502254,523.3204475781729,4.936828577900953E-13,1.5040811213969746E-33
0.017,0.017,11.375999999999967,0.1933920183259585,0.193392,2.247205306206098E-5,530.29533209805,530.2953096259963,4.3723643360418987E-13,1.4201691890343487E-34
0.0175,0.0175,11.375999999999967,0.19908001832595848,0.19908,2.2472052916449144E-5,537.2701941458723,537.2701716738197,3.817182060363338E-13,1.340938661346419E-35
0.018000000000000002,0.018000000000000002,11.375999999999967,0.20476801832595856,0.204768,2.2472052853444807E-5,544.2450561936956,544.2450337216432,2.6792524725571274E-13,1.2661283651113357E-36
0.0185,0.0185,11.375999999999967,0.21045601832595864,0.21045599999999998,2.2472052692603123E-5,551.2199182415193,551.2198957694666,2.3722880101650905E-13,1.1954916978304372E-37
0.019,0.019,11.375999999999967,0.21614401832595814,0.21614399999999998,2.247205264401452E-5,558.1947802893428,558.1947578172899,2.8923732054715126E-13,1.1287958148349403E-38
0.0195,0.0195,11.375999999999967,0.2218320183259585,0.221832,2.24720524579793E-5,565.169642337168,565.1696198651134,4.5083113864112777E-13,1.0658208617435488E-39
0.02,0.02,11.375999999999967,0.22752001832595778,0.22752,2.2472052351270364E-5,572.1445043849897,572.1444819129368,3.712688349733491E-13,1.0063592497407107E-40
