time_over_tau,radius_ratio,wall_speed_m_s,gas_pressure_Pa,filtered_pressure_Pa,raw_pressure_Pa
0.000000000000000000e+00,1.000000000000000000e+00,0.000000000000000000e+00,1.000000000000000000e+04,0.000000000000000000e+00,0.000000000000000000e+00
2.000000000000000042e-02,9.997289268561410092e-01,-2.452892184789575991e-01,1.001139310062641380e+04,0.000000000000000000e+00,0.000000000000000000e+00
4.000000000000000083e-02,9.990479584213630693e-01,-4.344039143032930594e-01,1.004008491842141848e+04,0.000000000000000000e+00,0.000000000000000000e+00
5.999999999999999778e-02,9.979924995396259879e-01,-6.210887200857927448e-01,1.008475693412819419e+04,-5.177056966900088355e+02,-5.322797561629933625e+03
8.000000000000000167e-02,9.965631857115873071e-01,-8.083668626289428616e-01,1.014564525531295476e+04,-4.084840358514993113e+03,-9.052205363056942588e+03
1.000000000000000056e-01,9.947583688095837928e-01,-9.966383890930310407e-01,1.022318155694803863e+04,-6.467054075308402389e+03,-9.229495138172287625e+03
1.199999999999999956e-01,9.925757900285676616e-01,-1.186173280151784803e+00,1.031792940280751282e+04,-7.753277664526825902e+03,-9.214767051514492778e+03
1.400000000000000133e-01,9.900126530808023295e-01,-1.377242406063854174e+00,1.043058988712822611e+04,-8.427039575598688316e+03,-9.182077374824322760e+03
1.600000000000000033e-01,9.870656109516771082e-01,-1.570126104779111742e+00,1.056201329285543943e+04,-8.768868857564504651e+03,-9.140379597020250003e+03
1.799999999999999933e-01,9.837307444825168501e-01,-1.765116539022031805e+00,1.071321381691461283e+04,-8.929554604066384854e+03,-9.090039550230276291e+03
2.000000000000000111e-01,9.800035365423409583e-01,-1.962519899810586166e+00,1.088538764851254746e+04,-8.989547074298650841e+03,-9.030952247805533261e+03
2.200000000000000011e-01,9.758788416076483729e-01,-2.162658809270014082e+00,1.107993497340670365e+04,-8.991701410403971749e+03,-8.962962478328594443e+03
2.399999999999999911e-01,9.713508502848339221e-01,-2.365874983550384059e+00,1.129848663853033759e+04,-8.958800159037120466e+03,-8.885885098497608851e+03
2.600000000000000089e-01,9.664130482033385094e-01,-2.572532208543446330e+00,1.154293640370970024e+04,-8.902903300659841989e+03,-8.799504104569958145e+03
2.800000000000000266e-01,9.610581685944739050e-01,-2.783019689566774701e+00,1.181547995056284890e+04,-8.830335453238443733e+03,-8.703570195994401729e+03
2.999999999999999889e-01,9.552781377374606198e-01,-2.997755847674558716e+00,1.211866213001584401e+04,-8.744345208935770643e+03,-8.597797805035694182e+03
3.200000000000000067e-01,9.490640122950924074e-01,-3.217192649588001441e+00,1.245543433162265865e+04,-8.646522332937727697e+03,-8.481861571728612034e+03
3.400000000000000244e-01,9.424059073702456546e-01,-3.441820576100901086e+00,1.282922438054995291e+04,-8.537552015667544765e+03,-8.355392174366497784e+03
3.599999999999999867e-01,9.352929138832565270e-01,-3.672174356148130592e+00,1.324402205365565351e+04,-8.417615121749930040e+03,-8.217971401244203662e+03
3.800000000000000044e-01,9.277130035888385695e-01,-3.908839621756568405e+00,1.370448421280632647e+04,-8.286599193200738227e+03,-8.069126322041695857e+03
4.000000000000000222e-01,9.196529197068185058e-01,-4.152460674444644617e+00,1.421606476307063895e+04,-8.144208028421805466e+03,-7.908322382997921522e+03
4.199999999999999845e-01,9.110980507168238152e-01,-4.403749598425058309e+00,1.478517627122974955e+04,-7.990016595950775809e+03,-7.734955206578062644e+03
4.400000000000000022e-01,9.020322843416206382e-01,-4.663497013019576976e+00,1.541939229139963754e+04,-7.823496112220577743e+03,-7.548340820734785666e+03
4.600000000000000200e-01,8.924378380889477214e-01,-4.932584829773699830e+00,1.612770247843175275e+04,-7.644022383486940271e+03,-7.347703971295282827e+03
4.799999999999999822e-01,8.822950619005885953e-01,-5.212001473900532034e+00,1.692083677581382290e+04,-7.450874216008021904e+03,-7.132164077763254681e+03
5.000000000000000000e-01,8.715822074214997217e-01,-5.502860151667935185e+00,1.781168086110619333e+04,-7.243225289151087964e+03,-6.900718270900723837e+03
5.200000000000000178e-01,8.602751570866880027e-01,-5.806420904330335198e+00,1.881581339638416102e+04,-7.020131000636119097e+03,-6.652220789040586169e+03
5.400000000000000355e-01,8.483471045433929048e-01,-6.124117397619793124e+00,1.995220764834082365e+04,-6.780510698740580665e+03,-6.385357794778119569e+03
5.600000000000000533e-01,8.357681757661526989e-01,-6.457589670504652268e+00,2.124415754435946656e+04,-6.523125013741144357e+03,-6.098616383635784587e+03
5.799999999999999600e-01,8.225049774282365833e-01,-6.808724430746151413e+00,2.272051409584881912e+04,-6.246547465053718952e+03,-5.790246161175815359e+03
5.999999999999999778e-01,8.085200554571873033e-01,-7.179704968509051710e+00,2.441735695309400762e+04,-5.949129014173376163e+03,-5.458211221321088487e+03
6.199999999999999956e-01,7.937712419460186686e-01,-7.573073403784279733e+00,2.638028516238418160e+04,-5.628953657691413355e+03,-5.100129601155394084e+03
6.400000000000000133e-01,7.782108623427167471e-01,-7.991808841375139139e+00,2.866760346291934547e+04,-5.283782418563583633e+03,-4.713196218674764168e+03
6.600000000000000311e-01,7.617847666097106174e-01,-8.439426142681181631e+00,3.135482692679864704e+04,-4.910982091184501769e+03,-4.294083771636198435e+03
6.800000000000000488e-01,7.444311372087587531e-01,-8.920101503750206717e+00,3.454116441603594285e+04,-4.507433681464221081e+03,-3.838813857814721359e+03
7.000000000000000666e-01,7.260790125850653531e-01,-9.438832896153694918e+00,3.835903639785078121e+04,-4.069413440352422640e+03,-3.342587306566522784e+03
7.199999999999999734e-01,7.066464465589328281e-01,-1.000164561603014590e+01,4.298835696438048763e+04,-3.592436381505599002e+03,-2.799557807365147710e+03
7.399999999999999911e-01,6.860382013466264084e-01,-1.061585530461889704e+01,4.867849487988748297e+04,-3.071047661338985108e+03,-2.202525426659484765e+03
7.600000000000000089e-01,6.641428460298197667e-01,-1.129040155278704916e+01,5.578297916271863505e+04,-2.498540297070350334e+03,-1.542514920636470379e+03
7.800000000000000266e-01,6.408291090135758150e-01,-1.203626085557998060e+01,6.481606034435341280e+04,-1.866566916891917117e+03,-8.081851296180554982e+02
8.000000000000000444e-01,6.159413311083783427e-01,-1.286692799004850407e+01,7.654815746328968089e+04,-1.164596011149024434e+03,1.501465905435236436e+01
8.200000000000000622e-01,5.892939394889600280e-01,-1.379889171085886268e+01,9.217342095849414181e+04,-3.791349455252368443e+02,9.460764302699155905e+02
8.399999999999999689e-01,5.606651643164859422e-01,-1.485184506067637855e+01,1.136174383525270096e+05,5.074054554820127123e+02,2.010276102876676759e+03
8.599999999999999867e-01,5.297911830873478500e-01,-1.604783258720775407e+01,1.441319124355989043e+05,1.518412142785076639e+03,3.242006075710170080e+03
8.800000000000000044e-01,4.963647808737843281e-01,-1.740694137783557238e+01,1.895116760119426763e+05,2.685691211039636073e+03,4.689263152511227418e+03
9.000000000000000222e-01,4.600514144507786840e-01,-1.893219806012720596e+01,2.607433522509375762e+05,4.053635185508137965e+03,6.421001359572226647e+03
9.200000000000000400e-01,4.205632419357873131e-01,-2.056015094267035082e+01,3.801092955777445459e+05,5.686080310930732594e+03,8.539623397708992343e+03
9.400000000000000577e-01,3.779228292187231109e-01,-2.199847745423496548e+01,5.955344179084463976e+05,7.678015096242440450e+03,1.120300848249440969e+04
9.599999999999999645e-01,3.333510914377480483e-01,-2.219599228223711052e+01,1.008816317062063725e+06,1.017631326066080510e+04,1.466463431025334285e+04
9.799999999999999822e-01,2.920113727557654415e-01,-1.795926848130659437e+01,1.759223359522604151e+06,1.341740461555364345e+04,1.934724289723303082e+04
1.000000000000000000e+00,2.680543669690460540e-01,-4.300822000649303867e+00,2.520367525487363338e+06,1.779432267887292255e+04,2.596599963325017598e+04
1.020000000000000018e+00,2.773065379648271822e-01,1.266936407418892685e+01,2.185584200679367408e+06,2.395026701252799103e+04,3.561499889485276799e+04
1.040000000000000036e+00,3.121169805405530351e-01,2.050992308822320354e+01,1.330046832515855320e+06,3.269998531247067513e+04,4.890572360770590603e+04
1.060000000000000053e+00,3.548913355668355529e-01,2.162443713372270082e+01,7.755313079426084878e+05,4.365178938834943983e+04,6.098549340767160174e+04
1.080000000000000071e+00,3.972151939929001729e-01,2.053626396548733624e+01,4.831604973555537872e+05,5.215121470758997020e+04,6.019328382737003267e+04
1.100000000000000089e+00,4.367440862013567404e-01,1.897394435037708149e+01,3.243743172830538242e+05,5.299160518159286585e+04,4.810245421618629916e+04
1.120000000000000107e+00,4.731341376463839565e-01,1.743589269833994138e+01,2.317746880721459456e+05,4.728817264707242430e+04,3.518870982432285382e+04
1.140000000000000124e+00,5.065879530619316062e-01,1.604525525431265010e+01,1.739600793798749219e+05,3.901271363442645088e+04,2.548420020766686139e+04
1.159999999999999920e+00,5.374236365424263084e-01,1.481651772588619131e+01,1.357280451353762182e+05,3.087236623790876183e+04,1.875020004286651238e+04
1.179999999999999938e+00,5.659518829076691793e-01,1.373442534965231232e+01,1.092260080677999649e+05,2.393816050537332194e+04,1.401902270285889426e+04
1.199999999999999956e+00,5.924449483605082056e-01,1.277780403745558147e+01,9.013187320135219488e+04,1.838169727642185171e+04,1.056171228728911956e+04
1.219999999999999973e+00,6.171333244080691172e-01,1.192662304243314253e+01,7.592909206358421943e+04,1.403005209546577498e+04,7.929241905138855145e+03
1.239999999999999991e+00,6.402102493578459841e-01,1.116375652785847983e+01,6.507961647544752486e+04,1.063147335428808583e+04,5.852475097047719828e+03
1.260000000000000009e+00,6.618377465799476500e-01,1.047507106646239805e+01,5.660353608842538961e+04,7.955026311796083064e+03,4.165966750430332468e+03
1.280000000000000027e+00,6.821522537539747022e-01,9.849036782747450758e+00,4.985382249128128024e+04,5.816918296160061800e+03,2.763924135737859615e+03
1.300000000000000044e+00,7.012693607478653890e-01,9.276259862364295117e+00,4.438983892400385957e+04,4.079541656482909275e+03,1.575963413879209384e+03
1.320000000000000062e+00,7.192876477520441236e-01,8.749059963764644010e+00,3.990332362790274055e+04,2.642664866684563094e+03,5.535591387400116901e+02
1.340000000000000080e+00,7.362917507617829926e-01,8.261121288097415416e+00,3.617347856100156059e+04,1.434015976121105496e+03,-3.377979622645765971e+02
1.360000000000000098e+00,7.523548017795236298e-01,7.807214686836046802e+00,3.303883097025992902e+04,4.014753175518774810e+02,-1.123316415565796206e+03
1.380000000000000115e+00,7.675403750371290190e-01,7.382979495349446530e+00,3.037909513899117883e+04,-4.927951760121808888e+02,-1.821844045371754191e+03
1.400000000000000133e+00,7.819040463938540242e-01,6.984752953512074924e+00,2.810318001970523983e+04,-1.276565618871966308e+03,-2.447761739045450213e+03
1.419999999999999929e+00,7.954946502093954708e-01,6.609436677049145281e+00,2.614107806801809420e+04,-1.970493610671830083e+03,-3.012239221050890137e+03
1.439999999999999947e+00,8.083552989897858643e-01,6.254391715716542066e+00,2.443826578393391537e+04,-2.590176518571203360e+03,-3.524089501192269381e+03
1.459999999999999964e+00,8.205242161193204709e-01,5.917355625422162646e+00,2.295176601576480243e+04,-3.147573910687158332e+03,-3.990363752867964649e+03
1.479999999999999982e+00,8.320354204502085071e-01,5.596376525642861033e+00,2.164733196363970274e+04,-3.651996967715764640e+03,-4.416774065716835139e+03
1.500000000000000000e+00,8.429192927197572960e-01,5.289760315958467629e+00,2.049740229277135950e+04,-4.110801790678412544e+03,-4.807999469084861630e+03
1.520000000000000018e+00,8.532030470709467407e-01,4.996028141423324520e+00,1.947959527169605644e+04,-4.529880122334266161e+03,-5.167911174908093017e+03
1.540000000000000036e+00,8.629111258552916164e-01,4.713881887395397818e+00,1.857558552185014923e+04,-4.914010811645503054e+03,-5.499740882158376735e+03
1.560000000000000053e+00,8.720655320023679158e-01,4.442176004032718950e+00,1.777025621331727962e+04,-5.267114813311599391e+03,-5.806208272094689164e+03
1.580000000000000071e+00,8.806861102502767658e-01,4.179894351719869228e+00,1.705105216069802918e+04,-5.592442702825483138e+03,-6.089618804874281523e+03
1.600000000000000089e+00,8.887907862227518718e-01,3.926131053880618893e+00,1.640748123087484782e+04,-5.892714442340591631e+03,-6.351939598457734064e+03
1.620000000000000107e+00,8.963957705455480873e-01,3.680074567431278254e+00,1.583072647913667060e+04,-6.170224943691324370e+03,-6.594858922373004134e+03
1.640000000000000124e+00,9.035157337934308641e-01,3.440994351663872131e+00,1.531334182750636137e+04,-6.426924817120144326e+03,-6.819833295593805815e+03
1.660000000000000142e+00,9.101639569570623145e-01,3.208229647015201635e+00,1.484901139816202885e+04,-6.664482883888716060e+03,-7.028125102323750070e+03
1.679999999999999938e+00,9.163524612469968744e-01,2.981179975869165499e+00,1.443235780145806530e+04,-6.884335115804841735e+03,-7.220832879468973260e+03
1.699999999999999956e+00,9.220921203576111225e-01,2.759297055577251356e+00,1.405878840579778443e+04,-7.087723347157202625e+03,-7.398915885547163271e+03
1.719999999999999973e+00,9.273927577574774261e-01,2.542077874705269913e+00,1.372437132467834454e+04,-7.275726188493908921e+03,-7.563214166571950045e+03
1.739999999999999991e+00,9.322632311242854408e-01,2.329058731179943109e+00,1.342573484354046923e+04,-7.449283927591239262e+03,-7.714465045502251996e+03
1.760000000000000009e+00,9.367115056787904681e-01,2.119810068558171334e+00,1.315998548151887371e+04,-7.609218744818023879e+03,-7.853316747953742379e+03
1.780000000000000027e+00,9.407447178755777850e-01,1.913931976366256338e+00,1.292464098425930206e+04,-7.756251240447364580e+03,-7.980339716745169426e+03
1.800000000000000044e+00,9.443692306648588941e-01,1.711050244091093298e+00,1.271757537466601025e+04,-7.891014031463844731e+03,-8.096036046994719982e+03
1.820000000000000062e+00,9.475906813382520832e-01,1.510812877271107357e+00,1.253697382064405429e+04,-8.014062998745601362e+03,-8.200847381370407675e+03
1.840000000000000080e+00,9.504140228040427463e-01,1.312886999241619224e+00,1.238129556424709699e+04,-8.125886634004410553e+03,-8.295161534298318657e+03
1.860000000000000098e+00,9.528435589971162578e-01,1.116956074212698047e+00,1.224924353259548116e+04,-8.226913836961584821e+03,-8.379318059047014685e+03
1.880000000000000115e+00,9.548829750101855973e-01,9.227173970962511129e-01,1.213973954493543897e+04,-8.317520438088728042e+03,-8.453612928727994586e+03
1.900000000000000133e+00,9.565353624318863046e-01,7.298798033148302666e-01,1.205190426256174942e+04,-8.398034664573102418e+03,-8.518302468413370661e+03
1.919999999999999929e+00,9.578032402902584286e-01,5.381615580757853623e-01,1.198504121419893090e+04,-8.468741722489394306e+03,-8.573606648745735583e+03
1.939999999999999947e+00,9.586885719242592696e-01,3.472883895577724145e-01,1.193862438030712838e+04,-8.529887633212872970e+03,-8.619711829811441930e+03
1.959999999999999964e+00,9.591927780389016833e-01,1.569916343457556096e-01,1.191228894445836522e+04,-8.581682434493950495e+03,-8.656773026599035802e+03
1.979999999999999982e+00,9.593167461394014328e-01,-3.299353357194832748e-02,1.190582492530236232e+04,-8.624302834579479168e+03,-8.684915753037865215e+03
2.000000000000000000e+00,9.590608364846531231e-01,-2.229298167428572508e-01,1.191917349422227562e+04,-8.657894389977291212e+03,-8.704237489717117569e+03
2.020000000000000018e+00,9.584248846489593632e-01,-4.130794761372402202e-01,1.195242586612722334e+04,-8.682573262917043394e+03,-8.714808810339753109e+03
2.040000000000000036e+00,9.574082007318631682e-01,-6.037060051490388268e-01,1.200582472787305051e+04,-8.698427602495567044e+03,-8.716674193334420124e+03
2.060000000000000053e+00,9.560095652079342310e-01,-7.950758196392621047e-01,1.207976824412107271e+04,-8.705518583305642096e+03,-8.709852537433249381e+03
2.080000000000000071e+00,9.542272213602490671e-01,-9.874599883090250385e-01,1.217481675749224451e+04,-8.703881126559661425e+03,-8.694337393142825022e+03
2.100000000000000089e+00,9.520588641918636963e-01,-1.181136028656406989e+00,1.229170238221766704e+04,-8.693524320946551597e+03,-8.670096915603586240e+03
2.120000000000000107e+00,9.495016256575714575e-01,-1.376389795381526282e+00,1.243134178203314514e+04,-8.674431553377200544e+03,-8.637073538115510019e+03
2.140000000000000124e+00,9.465520560023219510e-01,-1.573517490417494447e+00,1.259485252833543382e+04,-8.646560353098648193e+03,-8.595183359372094856e+03
2.160000000000000142e+00,9.432061009313545963e-01,-1.772827826868951906e+00,1.278357355906144949e+04,-8.609841946132264638e+03,-8.544315230961490670e+03
2.180000000000000160e+00,9.394590742686882434e-01,-1.974644383154882332e+00,1.299909040915831793e+04,-8.564180510368936666e+03,-8.484329524717930326e+03
2.200000000000000178e+00,9.353056256832084081e-01,-2.179308188734915497e+00,1.324326606854029524e+04,-8.509452114681746025e+03,-8.415056551768773716e+03
