stretch,T_K,p_Pa,vapor_mass_fraction,Q_J,fixed_bath_pressure_stiffness_Pa,closed_total_energy_restoring_stiffness_Pa,finite_inventory_valid,reference_failure_stretch_ratio,reference_only
1.05,359.54586151015184,558981.7257212752,-0.0012955143085617267,1.3484553189721557e-11,-401563.03676133376,-282748.8917403389,False,0.5,True
1.1,358.12719770332893,539766.75090499,0.006234995371323276,1.3276455182767507e-11,-367746.8627950152,-245294.45434338413,True,0.5238095238095238,True
1.2,355.5326571655316,505922.06790123833,0.02161732989160485,1.2925039904842447e-11,-311406.89300411526,-181997.90452927118,True,0.5714285714285714,True
1.3,353.21717670949977,477095.5148629248,0.037658421082307235,1.2651558391258763e-11,-266802.7676255679,-130869.19892084552,True,0.6190476190476191,True
1.5,349.2558669093872,430679.01234567736,0.07253785923598373,1.2307623612284515e-11,-201810.69958847735,-54180.32977846451,True,0.7142857142857143,True
1.8,344.55076932977386,380079.256210943,0.13399628709049397,1.222347887518505e-11,-140916.86565394842,20656.27952804789,True,0.8571428571428571,True
2.0,342.00856255034233,354687.50000000343,0.18229590081875915,1.2418975018242223e-11,-114375.0,53997.62499000644,True,0.9523809523809523,True
2.1,340.875117445041,343790.52452424885,0.20890043033678946,1.2586677640867005e-11,-103818.68616863294,67210.08030610392,True,1.0,True
2.2,339.82010123730703,333877.46738610644,0.23724207968379732,1.2799534618748066e-11,-94653.24648713761,78550.11872481555,True,1.0476190476190477,True
