species,T_K,rho_kg_m3,state,native_p_Pa,CoolProp_p_Pa,p_relative_error,native_u_J_kg,CoolProp_u_J_kg,u_relative_error,native_g_J_kg,CoolProp_g_J_kg,g_relative_error
n-Perfluoropentane,273.15,1683.9997445789465,saturated_0,30008.747457542457,30008.747457256624,9.524967921487496e-12,-30142.109597425395,-30142.109597425344,1.6897192658218729e-15,-1563.7976264012723,-1563.797626401276,2.326374427018215e-15
n-Perfluoropentane,273.15,3.893887485299745,saturated_1,30008.747457256963,30008.747457256624,1.127444687724595e-14,60963.11286713532,60963.11286713532,0.0,-1563.7976264013848,-1563.7976264013885,2.3263744270180478e-15
n-Perfluoropentane,293.15,1621.2302097446284,saturated_0,71105.70110610101,71105.70110642472,4.552481013730869e-12,-9792.61283002839,-9792.61283002839,0.0,-170.45056031708916,-170.45056031720378,6.724809464956047e-13
n-Perfluoropentane,293.15,8.781946708940199,saturated_1,71105.701106425,71105.70110642472,3.888385671426681e-15,75509.66897077746,75509.66897077746,0.0,-170.45056031688915,-170.4505603169059,9.8212565704588e-14
n-Perfluoropentane,310.15,1564.3917072392962,saturated_0,133222.15500972493,133222.15500970284,1.658118149721571e-13,8112.739867015924,8112.73986701595,3.2511021903524156e-15,-82.71492112881677,-82.7149211287442,8.774092272611284e-13
n-Perfluoropentane,310.15,15.975739112079342,saturated_1,133222.15500970304,133222.15500970284,1.5292262250396571e-15,88165.34009566712,88165.34009566711,1.6505256161408497e-16,-82.71492112883702,-82.71492112883428,3.315840627789571e-14
n-Perfluoropentane,333.15,1480.113638060632,saturated_0,276128.3097330104,276128.30973284005,6.170096201239176e-13,33238.01036810552,33238.010368105504,4.3780945571671653e-16,-1505.8408266080796,-1505.840826608084,2.8688954085223347e-15
n-Perfluoropentane,333.15,32.5097221208625,saturated_1,276128.30973284005,276128.30973284005,0.0,105547.75840672018,105547.75840672017,1.3787043370729073e-16,-1505.840826608185,-1505.840826608184,6.03977980741504e-16
n-Perfluoropentane,373.15,1297.597287473649,saturated_0,770720.0553623912,770720.0553623452,5.966375443548096e-14,79651.38334988203,79651.38334988203,0.0,-7986.693152809508,-7986.693152809476,4.099545160603528e-15
n-Perfluoropentane,373.15,95.59759145316966,saturated_1,770720.0553623452,770720.0553623452,0.0,135514.22083093034,135514.22083093037,2.147658768081919e-16,-7986.693152809538,-7986.69315280953,1.0248862901508748e-15
n-Perfluoropentane,413.15,954.6685777290684,saturated_0,1770164.620977437,1770164.6209774457,4.998159128251934e-15,132620.12141699623,132620.12141699623,0.0,-19204.39939904237,-19204.39939904237,0.0
n-Perfluoropentane,413.15,316.67543810245314,saturated_1,1770164.6209774462,1770164.6209774457,2.630610067501018e-16,158921.40057457224,158921.4005745722,1.8313348832511098e-16,-19204.399399042344,-19204.399399042348,1.8943465668981688e-16
n-Perfluoropentane,293.15,0.1,forced_gas_verification,845.7995964022647,845.7995964022648,1.3441344522414057e-16,76377.20666672711,76377.20666672713,1.9052693681066802e-16,-37319.15647843963,-37319.156478439625,1.949657575563628e-16
n-Perfluoropentane,293.15,1,forced_gas_verification,8420.663955095228,8420.663955095226,2.1601496191345e-16,76287.83097268877,76287.83097268875,1.9075015035591293e-16,-17909.009736708016,-17909.00973670802,2.0313679318823326e-16
n-Perfluoropentane,293.15,5,forced_gas_verification,41272.16823394123,41272.16823394122,1.762921098048795e-16,75889.04875912622,75889.04875912622,0.0,-4621.987800893869,-4621.987800893875,1.3774296226353623e-15
n-Perfluoropentane,293.15,10,forced_gas_verification,80459.41856085548,80459.41856085547,1.8086030807394553e-16,75386.99885841968,75386.99885841968,0.0,827.1256173954758,827.1256173954678,9.758814511938204e-15
n-Perfluoropentane,293.15,20,forced_gas_verification,152533.58038357963,152533.5803835796,1.9080277525477112e-16,74371.02154309652,74371.02154309653,1.9566646963339484e-16,5856.40254593364,5856.402545933632,1.3976929098973719e-15
n-Perfluoropentane,293.15,50,forced_gas_verification,317625.6804738078,317625.68047380785,1.8325867362688688e-16,71229.30872584345,71229.30872584345,0.0,11076.359558452246,11076.359558452239,6.568907027427824e-16
n-Perfluoropentane,310.15,0.1,forced_gas_verification,894.9039353055952,894.9039353055953,1.2703803529793822e-16,89657.07809374094,89657.07809374093,1.623063737717629e-16,-44287.50404604753,-44287.50404604752,1.642891775210072e-16
n-Perfluoropentane,310.15,1,forced_gas_verification,8914.567686160803,8914.5676861608,2.0404684417503513e-16,89573.38322803602,89573.383228036,3.2491605662187784e-16,-23741.701204289664,-23741.701204289657,3.0646319535302735e-16
n-Perfluoropentane,310.15,5,forced_gas_verification,43805.980640606555,43805.98064060655,1.6609507441180026e-16,89200.1353243112,89200.13532431118,1.6313781560374806e-16,-9639.257684635675,-9639.257684635668,7.548255116969034e-16
n-Perfluoropentane,310.15,10,forced_gas_verification,85691.13044925839,85691.13044925837,1.6981821983295815e-16,88730.66238654678,88730.66238654676,3.28001951906384e-16,-3817.4606806382535,-3817.460680638251,7.147379720654e-16
n-Perfluoropentane,310.15,20,forced_gas_verification,163675.63067114094,163675.63067114094,0.0,87782.04678949273,87782.0467894927,3.315465009209305e-16,1618.709897792293,1618.7098977922985,3.371183569137457e-15
n-Perfluoropentane,310.15,50,forced_gas_verification,351006.96515523177,351006.96515523177,0.0,84860.18718800778,84860.18718800777,1.7148106444930506e-16,7501.70913797492,7501.709137974923,3.6371499549439154e-16
n-Perfluoropentane,373.15,0.1,forced_gas_verification,1076.8520364034114,1076.8520364034116,2.111466271658264e-16,142664.48062626977,142664.48062626977,0.0,-76449.89943161569,-76449.89943161566,3.8069154666144514e-16
n-Perfluoropentane,373.15,1,forced_gas_verification,10742.226004563436,10742.226004563434,1.6933077024939958e-16,142598.8284438871,142598.82844388706,2.0409585951252132e-16,-51700.32841942243,-51700.32841942242,2.814665916686922e-16
n-Perfluoropentane,373.15,5,forced_gas_verification,53127.54013072535,53127.54013072534,1.3695265386427158e-16,142306.59864952834,142306.59864952834,0.0,-34597.88553887406,-34597.88553887404,6.3090193237458315e-16
n-Perfluoropentane,373.15,10,forced_gas_verification,104799.51381895087,104799.51381895086,1.38854797108185e-16,141940.3026651226,141940.3026651226,0.0,-27423.08750484203,-27423.08750484202,3.979835027455641e-16
n-Perfluoropentane,373.15,20,forced_gas_verification,203800.36025269076,203800.36025269073,1.4280558886475008e-16,141204.39769490162,141204.39769490162,0.0,-20537.930268549433,-20537.930268549426,3.5426927246536607e-16
n-Perfluoropentane,373.15,50,forced_gas_verification,466535.44177011715,466535.4417701172,1.2476578562309724e-16,138971.39765223025,138971.39765223025,0.0,-12395.849252808324,-12395.849252808317,5.869672553927707e-16
n-Perfluoropentane,450.0,0.1,forced_gas_verification,1298.763628083764,1298.7636280837642,1.7506932787970523e-16,214172.87636722453,214172.87636722455,1.3588943170764427e-16,-128364.66426879083,-128364.66426879085,1.133638709006061e-16
n-Perfluoropentane,450.0,1,forced_gas_verification,12968.045346326293,12968.045346326291,1.4026704526146316e-16,214120.2193707502,214120.2193707502,0.0,-98493.69960680963,-98493.69960680959,4.4323389068921027e-16
n-Perfluoropentane,450.0,5,forced_gas_verification,64406.12011554101,64406.120115540994,2.2593994487265383e-16,213886.22263280288,213886.22263280288,0.0,-77761.19542944487,-77761.19542944487,0.0
n-Perfluoropentane,450.0,10,forced_gas_verification,127732.7351933566,127732.73519335657,2.278494264816104e-16,213593.8106681546,213593.81066815465,2.7251567230054463e-16,-68973.72327397058,-68973.72327397058,0.0
n-Perfluoropentane,450.0,20,forced_gas_verification,251186.35350218095,251186.35350218092,1.1586549209760718e-16,213009.30124531913,213009.3012453191,1.3663173526500295e-16,-60399.722032373174,-60399.722032373196,3.613902863799757e-16
n-Perfluoropentane,450.0,50,forced_gas_verification,596679.9172393641,596679.9172393641,0.0,211259.0404579299,211259.04045792992,1.3776371602203425e-16,-49762.7841878377,-49762.784187837715,2.924256643968771e-16
n-Perfluorohexane,273.15,1747.0938536139402,saturated_0,8647.95446758973,8647.95446808969,5.781253281869322e-11,-60156.99650343603,-60156.996503436065,6.04747414024222e-16,-5655.034022831798,-5655.034022831877,1.3992141998576469e-14
n-Perfluorohexane,273.15,1.2997890249722794,saturated_1,8647.954468064197,8647.95446808969,2.9478805172671708e-12,32572.24377236816,32572.24377236815,3.350686092596944e-16,-5655.034022831539,-5655.0340228315345,8.041460918722597e-16
n-Perfluorohexane,293.15,1690.407739587065,saturated_0,23517.244678946263,23517.24467899627,2.1264249857869423e-12,-39693.521251852326,-39693.52125185237,1.0998204318560748e-15,-2383.84159410268,-2383.8415941026565,9.919644956525504e-15
n-Perfluorohexane,293.15,3.331342899977121,saturated_1,23517.244678975818,23517.24467899627,8.696901840603949e-13,47649.70942193444,47649.709421934414,6.107871550489759e-16,-2383.8415941026624,-2383.841594102655,3.0521984481616954e-15
n-Perfluorohexane,310.15,1640.5508168165422,saturated_0,48480.76779762185,48480.76779791717,6.091566965958381e-12,-21812.012064153834,-21812.01206415381,1.167515017630719e-15,-712.614897161155,-712.6148971611847,4.16385691115159e-14
n-Perfluorohexane,310.15,6.593473187608895,saturated_1,48480.76779790064,48480.76779791717,3.409800721046944e-13,60856.97174423956,60856.971744239585,3.5867497538794963e-16,-712.6148971609891,-712.6148971609908,2.3930212133061624e-15
n-Perfluorohexane,333.15,1569.1959323202725,saturated_0,111575.00378125276,111575.00378127937,2.3854315080156554e-13,3095.2826423538704,3095.2826423538622,2.6444926883095827e-15,-7.193888163789439,-7.193888163756688,4.55269507683576e-12
n-Perfluorohexane,333.15,14.595425985653165,saturated_1,111575.00378126753,111575.00378127937,1.0616409226488483e-13,79174.06318536615,79174.06318536613,1.8379649398941678e-16,-7.193888163799333,-7.193888163815139,2.1971460769277532e-12
n-Perfluorohexane,373.15,1425.9798090434529,saturated_0,355090.61988942174,355090.61988937814,1.2277862489797418e-13,48459.55379618678,48459.55379618683,1.0510146980200152e-15,-2818.5797704812385,-2818.579770481212,9.357672480176743e-15
n-Perfluorohexane,373.15,45.92968060037371,saturated_1,355090.6198893727,355090.61988937814,1.524487598866702e-14,111703.64974437469,111703.64974437472,2.605450271619199e-16,-2818.579770481269,-2818.5797704812703,4.840175420780974e-16
n-Perfluorohexane,413.15,1225.4356798892645,saturated_0,880852.9344879994,880852.9344879709,3.2379700096223644e-14,97080.37677433788,97080.37677433788,0.0,-10427.29232374218,-10427.29232374224,5.756686247333513e-15
n-Perfluorohexane,413.15,127.47077090812975,saturated_1,880852.9344879686,880852.9344879709,2.643240824181522e-15,143406.1878826462,143406.18788264622,2.0294682458577227e-16,-10427.292323742198,-10427.292323742211,1.2211152645859002e-15
n-Perfluorohexane,293.15,0.1,forced_gas_verification,720.5776288836951,720.5776288836951,0.0,48004.777327931115,48004.777327931086,6.06269460598038e-16,-27370.1839352536,-27370.183935253597,1.3291758709761136e-16
n-Perfluorohexane,293.15,1,forced_gas_verification,7165.036212111096,7165.036212111096,0.0,47906.07905773792,47906.0790577379,4.556388932653546e-16,-10849.323911796473,-10849.323911796464,8.382962009126073e-16
n-Perfluorohexane,293.15,5,forced_gas_verification,34918.350961506636,34918.35096150663,2.083705963722145e-16,47465.58976155749,47465.58976155746,6.131564066292292e-16,392.6594596274761,392.6594596274832,1.8095647980420322e-14
n-Perfluorohexane,293.15,10,forced_gas_verification,67562.83524911464,67562.83524911462,2.1538343047197014e-16,46910.77740563041,46910.77740563039,4.653061417807675e-16,4936.252428193697,4936.252428193703,1.2897360913003682e-15
n-Perfluorohexane,293.15,20,forced_gas_verification,125986.13766469868,125986.13766469865,2.310081965858106e-16,45787.176162755146,45787.17616275512,6.35632788387762e-16,9022.314414511928,9022.314414511933,6.048301976553061e-16
n-Perfluorohexane,293.15,50,forced_gas_verification,245625.4254985812,245625.4254985812,0.0,42305.82288380883,42305.8228838088,6.879391174275507e-16,12869.497675275083,12869.497675275084,1.4134113463033637e-16
n-Perfluorohexane,310.15,0.1,forced_gas_verification,762.4256982528061,762.4256982528061,0.0,61518.91003338495,61518.91003338497,3.548156628702421e-16,-32122.876743973087,-32122.876743973102,4.530078468484951e-16
n-Perfluorohexane,310.15,1,forced_gas_verification,7586.67135261464,7586.67135261464,0.0,61427.53147866954,61427.53147866957,4.737913075155865e-16,-14632.929777212199,-14632.929777212197,1.2430794319662228e-16
n-Perfluorohexane,310.15,5,forced_gas_verification,37097.48243207847,37097.48243207846,1.9613076514032803e-16,61019.97715273716,61019.977152737185,3.5771683079974965e-16,-2689.7130283694833,-2689.713028369485,6.762763850121718e-16
n-Perfluorohexane,310.15,10,forced_gas_verification,72102.42118284614,72102.42118284613,2.0182283742544966e-16,60507.26066278622,60507.26066278625,4.809973239233654e-16,2179.64311713475,2179.64311713475,0.0
n-Perfluorohexane,310.15,20,forced_gas_verification,135816.7542982601,135816.7542982601,0.0,59470.95237910179,59470.952379101815,3.6703419012708846e-16,6629.367694731196,6629.367694731197,1.3719177207439627e-16
n-Perfluorohexane,310.15,50,forced_gas_verification,276351.06352584885,276351.06352584885,0.0,56276.3521290318,56276.35212903183,5.171591504368249e-16,11096.64764902494,11096.64764902494,0.0
n-Perfluorohexane,373.15,0.1,forced_gas_verification,917.4774777107112,917.4774777107112,0.0,115333.88244212774,115333.88244212774,0.0,-56177.3146986461,-56177.31469864609,1.295177181966439e-16
n-Perfluorohexane,373.15,1,forced_gas_verification,9145.963790642694,9145.963790642694,0.0,115263.45140765712,115263.45140765714,1.2624917136049028e-16,-35101.86880435224,-35101.86880435225,2.0728120359453018e-16
n-Perfluorohexane,373.15,5,forced_gas_verification,45090.634349648426,45090.634349648426,0.0,114949.9943430953,114949.99434309533,2.531868802869748e-16,-20586.288229148082,-20586.288229148075,3.5343708070119293e-16
n-Perfluorohexane,373.15,10,forced_gas_verification,88588.22488938241,88588.22488938241,0.0,114557.19113756853,114557.19113756856,2.5405502847729324e-16,-14543.617684188308,-14543.617684188308,0.0
n-Perfluorohexane,373.15,20,forced_gas_verification,170837.83384194554,170837.83384194554,0.0,113768.35582160721,113768.35582160726,3.83724853627614e-16,-8817.460583399761,-8817.460583399765,4.125880430858712e-16
n-Perfluorohexane,373.15,50,forced_gas_verification,380273.5148166084,380273.51481660834,1.5306788047423912e-16,111377.13755575132,111377.13755575132,0.0,-2293.0882194575615,-2293.0882194575593,9.915609592073103e-16
n-Perfluorohexane,450.0,0.1,forced_gas_verification,1106.5750445156355,1106.5750445156355,0.0,187688.67441775434,187688.67441775434,0.0,-98372.14062109253,-98372.14062109253,0.0
n-Perfluorohexane,450.0,1,forced_gas_verification,11043.939535246303,11043.939535246303,0.0,187632.88318606984,187632.8831860698,1.55110500689116e-16,-72930.35451624135,-72930.35451624134,1.995316672309085e-16
n-Perfluorohexane,450.0,5,forced_gas_verification,54736.589341374514,54736.58934137451,1.329267625501037e-16,187385.00256310956,187385.00256310956,0.0,-55310.24994997362,-55310.249949973615,1.315480877552407e-16
n-Perfluorohexane,450.0,10,forced_gas_verification,108272.68559101137,108272.68559101135,1.3440061220366488e-16,187075.34077794055,187075.34077794055,0.0,-47879.08031231117,-47879.08031231116,1.519652751624086e-16
n-Perfluorohexane,450.0,20,forced_gas_verification,211792.3526782644,211792.35267826437,1.374168145766131e-16,186456.67730315716,186456.67730315714,1.5608896864237379e-16,-40684.950879610384,-40684.95087961038,1.7883658347563192e-16
n-Perfluorohexane,450.0,50,forced_gas_verification,494838.39551391406,494838.3955139141,1.1762963715258166e-16,184606.63173868443,184606.6317386844,1.5765322286975557e-16,-31946.520994146405,-31946.520994146376,9.11017210984146e-16
