radius_ratio,T_K,p_liquid_Pa,p_vapor_Pa,rho_liquid_kg_m3,rho_vapor_kg_m3,vapor_mass_fraction,Rgas_m,energy_potential_relative_cold_J,entropy_residual_relative,chemical_residual_J_kg,capillary_residual_Pa
1.000000000000000000e+00,2.931499999999999773e+02,7.034406677212519571e+04,7.110157557426986750e+04,1.621226124396158866e+03,8.781413024525926758e+00,5.000000000000000000e-01,2.484459579443426013e-05,5.499999999998496797e-08,0.000000000000000000e+00,2.565514023444848135e-09,4.205276127322576940e-10
9.949999999999999956e-01,2.934345289454045087e+02,7.114378913327702321e+04,7.190513240598130506e+04,1.620304452278210420e+03,8.875396603576815480e+00,4.977541350501398787e-01,2.471946713349824291e-05,5.496760432565095437e-08,-4.582490240459010547e-15,-2.293347733939299360e-10,2.800823040161048993e-07
9.899999999999999911e-01,2.937202816502727387e+02,7.195412365409820632e+04,7.271934083770334837e+04,1.619377898352406646e+03,8.970586105216618478e+00,4.954904959188253244e-01,2.459432486026478262e-05,5.493627990565188485e-08,2.291245120229505076e-16,-7.489120434911455959e-11,9.114887689065653831e-08
9.849999999999999867e-01,2.940072601291921615e+02,7.277521323532494716e+04,7.354434439269269933e+04,1.618446439366142840e+03,9.066997599643988437e+00,4.932089364123727893e-01,2.446916864247340145e-05,5.490601997398158493e-08,-9.164980480918020305e-16,4.604316927725449204e-11,-8.940730822359910235e-08
9.799999999999999822e-01,2.942954662098530321e+02,7.360720211370752077e+04,7.438028794351078977e+04,1.617510052450090143e+03,9.164647314532468059e+00,4.909093102887159832e-01,2.434399813834096888e-05,5.487681771004050234e-08,-2.291245120229505076e-16,-5.695710569852963090e-11,6.196864887897390872e-08
9.749999999999999778e-01,2.945849015253256198e+02,7.445023583833647717e+04,7.522731768802156148e+04,1.616568715143315103e+03,9.263551632826855453e+00,4.885914713246725660e-01,2.421881299624925493e-05,5.484866623751316336e-08,-9.164980480918020305e-16,-3.950617610826157033e-12,1.249156866833800450e-08
9.699999999999999734e-01,2.948755675061058241e+02,7.530446124232164584e+04,7.608558112292597070e+04,1.615622405419346478e+03,9.363727090283722632e+00,4.862552733866184473e-01,2.409361285442092652e-05,5.482155862323011787e-08,0.000000000000000000e+00,1.381721403959090821e-10,-1.588761051607434638e-07
9.649999999999999689e-01,2.951674653719135790e+02,7.617002641350655176e+04,7.695522701471715118e+04,1.614671101713246799e+03,9.465190372744119784e+00,4.839005705047887962e-01,2.396839734058346172e-05,5.479548787601313568e-08,-1.374747072137703243e-15,-6.023981313774129376e-11,7.846438165870495141e-08
9.599999999999999645e-01,2.954605961232432492e+02,7.704708066391063039e+04,7.783640536792785861e+04,1.613714782949721439e+03,9.567958313124245606e+00,4.815272169513218903e-01,2.384316607162053814e-05,5.477044694550526875e-08,2.291245120229505076e-16,-6.474465408246032894e-11,9.711379789223428816e-08
9.549999999999999600e-01,2.957549605326541382e+02,7.793577449273216189e+04,7.872926739053765777e+04,1.612753428572287703e+03,9.672047888109943869e+00,4.791350673222096179e-01,2.371791865321035318e-05,5.474642872098312568e-08,-2.291245120229505076e-16,-8.205347512557636946e-11,8.647077720524976030e-08
9.499999999999999556e-01,2.960505591358001425e+02,7.883625954943003308e+04,7.963396545640369004e+04,1.611787018573553723e+03,9.777476214539987609e+00,4.767239766232996279e-01,2.359265467945033767e-05,5.472342603015498490e-08,-1.832996096183604061e-15,4.033040568174328655e-11,-4.292758148949360475e-08
9.449999999999999512e-01,2.963473922221883754e+02,7.974868859222038009e+04,8.055065306457228144e+04,1.610815533526620811e+03,9.884260545462655756e+00,4.742938003605047248e-01,2.346737373246760876e-05,5.470143163794233781e-08,1.145622560114752637e-15,2.751932015598868020e-10,-3.049657379960990511e-07
9.399999999999999467e-01,2.966454598256630675e+02,8.067321544285218988e+04,8.147948479532351485e+04,1.609838954617665877e+03,9.992418265849382308e+00,4.718443946343782169e-01,2.334207538201468792e-05,5.468043824524620511e-08,2.291245120229505076e-16,-1.374900193695793860e-10,1.539639242764678784e-07
9.350000000000000533e-01,2.969447617146092284e+02,8.160999494193933788e+04,8.242061626279617485e+04,1.608857263679725065e+03,1.010196688794858844e+01,4.693756162392128672e-01,2.321675918504974187e-05,5.466043848769897419e-08,1.145622560114752637e-15,1.188311671285191551e-10,-1.464405841034022160e-07
9.299999999999999378e-01,2.972452973818651571e+02,8.255918289247782377e+04,8.337420406403834932e+04,1.607870443227711576e+03,1.021292404626295003e+01,4.668873227668598469e-01,2.309142468530072992e-05,5.464142493440072528e-08,-1.374747072137703243e-15,7.176481631177011877e-13,6.687059794785454869e-10
9.250000000000000444e-01,2.975470660343447662e+02,8.352093600906337088e+04,8.434040572431494365e+04,1.606878476494726328e+03,1.032530749213105103e+01,4.643793727153967543e-01,2.296607141281276651e-05,5.462339008664196528e-08,1.145622560114752637e-15,-2.980016233777860180e-11,4.811283815797651187e-08
9.200000000000000400e-01,2.978500665823561917e+02,8.449541185624546779e+04,8.531937963850969390e+04,1.605881347469668981e+03,1.043913508789581712e+01,4.618516256028676326e-01,2.284069888347792308e-05,5.460632637661157164e-08,-2.978618656298356698e-15,-1.612576738807547372e-10,1.919507894854177721e-07
9.150000000000000355e-01,2.981542976286173143e+02,8.548276878663118987e+04,8.631128500844292284e+04,1.604879040936216597e+03,1.055442480063955379e+01,4.593039420862440880e-01,2.271530659854676445e-05,5.459022616609265944e-08,-2.291245120229505273e-15,-3.409894588912720792e-11,1.422358764102682471e-08
9.100000000000000311e-01,2.984597574569556855e+02,8.648316587191718281e+04,8.731628177592901920e+04,1.603871542513178611e+03,1.067119469546620358e+01,4.567361840858218391e-01,2.258989404412078977e-05,5.457508174514375108e-08,-6.873735360688516215e-16,6.277645070440485142e-11,-8.413985597144346684e-08
9.050000000000000266e-01,2.987664440206921199e+02,8.749676283187614172e+04,8.833453055138648779e+04,1.602858838696301746e+03,1.078946292830974052e+01,4.541482149152243353e-01,2.246446069062489362e-05,5.456088533076896100e-08,2.291245120229505076e-16,-1.275921590604411904e-10,1.252926722372649238e-07
9.000000000000000222e-01,2.990743549306989735e+02,8.852371995840519958e+04,8.936619253781063890e+04,1.601840916901531045e+03,1.090924773824744776e+01,4.515398994172217240e-01,2.233900599225902060e-05,5.454762906557603082e-08,2.291245120229505076e-16,9.947598300641402602e-12,-1.557714313094038516e-08
8.950000000000000178e-01,2.993834874431275352e+02,8.956419803204595519e+04,9.041142944991408149e+04,1.600817765509790433e+03,1.103056743929618833e+01,4.489111041055705020e-01,2.221352938642805116e-05,5.453530501642300890e-08,1.603871584160653652e-15,5.834621674694062676e-11,-9.369387043989263475e-08
8.900000000000000133e-01,2.996938384467999299e+02,9.061835823673038976e+04,9.147040342823084211e+04,1.599789373913310101e+03,1.115344041166852485e+01,4.462616973130659748e-01,2.208803029314892935e-05,5.452390517305484495e-08,1.374747072137703243e-15,-7.137757052078086417e-11,4.499599981500068679e-08
8.850000000000000089e-01,3.000054044502591637e+02,9.168636206834331097e+04,9.254327694797806907e+04,1.598755732563553920e+03,1.127788509246539483e+01,4.435915493460294012e-01,2.196250811443403980e-05,5.451342144673031652e-08,-9.164980480918020305e-16,9.259792932425625622e-11,-1.203121655635186471e-07
8.800000000000000044e-01,3.003181815684710614e+02,9.276837123561532644e+04,9.363021272246479930e+04,1.597716833020771219e+03,1.140391996578138922e+01,4.409005326454494833e-01,2.183696223364969545e-05,5.450384566884047194e-08,6.873735360688516215e-16,2.105515761741116876e-11,-1.261901161342393607e-08
8.750000000000000000e-01,3.006321655091741150e+02,9.386454755893981201e+04,9.473137360082411033e+04,1.596672668005229070e+03,1.153156355219706874e+01,4.381885219549758737e-01,2.171139201484863153e-05,5.449516958951852354e-08,-2.291245120229505076e-16,-1.527684645452609402e-10,1.855984237408847548e-07
8.699999999999999956e-01,3.009473515588723558e+02,9.497505286098839133e+04,9.584692245985211048e+04,1.595623231450160574e+03,1.166083439763345453e+01,4.354553944960146694e-01,2.158579680207528949e-05,5.448738487624444027e-08,-6.873735360688516215e-16,4.267874942343041766e-11,-4.729338343167910352e-08
8.649999999999999911e-01,3.012637345684640309e+02,9.610004885016808112e+04,9.697702208971884102e+04,1.594568518556467552e+03,1.179175106154174024e+01,4.327010301501321154e-01,2.146017591864268461e-05,5.448048311244206261e-08,-6.873735360688516215e-16,1.156168494276244019e-10,-1.537135858598048799e-07
8.599999999999999867e-01,3.015813089385050034e+02,9.723969700056199508e+04,9.812183507332143199e+04,1.593508525849224725e+03,1.192433210440156799e+01,4.299253116490045490e-01,2.133452866637937340e-05,5.447445579607300139e-08,-9.164980480918020305e-16,-5.309708228651288664e-11,4.644402906706091017e-08
8.549999999999999822e-01,3.019000686040998289e+02,9.839415842422931746e+04,9.928152365903934697e+04,1.592443251236024480e+03,1.205859607450001825e+01,4.271281247721495089e-01,2.120885432484529424e-05,5.446929433822673827e-08,-9.164980480918020305e-16,1.064890398083662149e-10,-9.344898899144027382e-08
8.499999999999999778e-01,3.022200070194174941e+02,9.956359373397163290e+04,1.004562496266493399e+05,1.591372694067195425e+03,1.219456149396305911e+01,4.243093585526728218e-01,2.108315215051489552e-05,5.446499006170839016e-08,-2.291245120229505273e-15,-1.658648773883442118e-10,1.602128349986742251e-07
8.449999999999999734e-01,3.025411171418300569e+02,1.007481629040400003e+05,1.016461741461495258e+05,1.590296855197949299e+03,1.233224684400991400e+01,4.214689054912580946e-01,2.095742137592600650e-05,5.446153419962679131e-08,-2.291245120229505076e-16,-1.805849914049417748e-11,5.764229626947781071e-08
8.399999999999999689e-01,3.028633914156665128e+02,1.019480251179275801e+05,1.028514576292481506e+05,1.589215737052484201e+03,1.247167054940181075e+01,4.186066617786730615e-01,2.083166120879281760e-05,5.445891789398207918e-08,-2.520369632252455880e-15,-4.331372760457696813e-11,4.027549493912374601e-08
8.349999999999999645e-01,3.031868217555862657e+02,1.031633386129366845e+05,1.040722595732511545e+05,1.588129343690083488e+03,1.261285096205321921e+01,4.157225275269827436e-01,2.070587083108119488e-05,5.445713219425766089e-08,-2.520369632252455880e-15,-1.657882164884938447e-11,-3.202330844942480326e-09
8.299999999999999600e-01,3.035113995295623681e+02,1.043942605143130495e+05,1.053087383971001691e+05,1.587037680873255340e+03,1.275580634377630851e+01,4.128164070097656291e-01,2.058004939804455662e-05,5.445616805601461505e-08,4.582490240459010152e-16,-5.428841404198081477e-11,5.724575657950481400e-08
8.249999999999999556e-01,3.038371155414797045e+02,1.056409466627705842e+05,1.065610512692921184e+05,1.585940756137948483e+03,1.290055484812612185e+01,4.098882089115380434e-01,2.045419603721826567e-05,5.445601633949299549e-08,-2.291245120229505076e-16,1.258554371830200580e-10,-1.692055775492917746e-07
8.200000000000000622e-01,3.041639600133421482e+02,1.069035514310017315e+05,1.078293539274210343e+05,1.584838578865862019e+03,1.304711450131533113e+01,4.069378465866547723e-01,2.032830984737060283e-05,5.445666780822134729e-08,-2.291245120229505076e-16,-1.716837783050095823e-10,2.302601842529838905e-07
8.149999999999999467e-01,3.044919225670927858e+02,1.081822275368260016e+05,1.091138004890730954e+05,1.583731160358919624e+03,1.319550318216565543e+01,4.039652383279083714e-01,2.020238989740800391e-05,5.445811312763579158e-08,2.062120608206554667e-15,2.573807833528007905e-11,-4.082505711267003790e-08
8.100000000000000533e-01,3.048209922060435701e+02,1.094771258391946176e+05,1.104145432538092427e+05,1.582618513915893573e+03,1.334573860106365473e+01,4.009703076450834569e-01,2.007643522523242918e-05,5.446034286371099533e-08,0.000000000000000000e+00,-1.477555855444734334e-10,1.750994442772935145e-07
8.049999999999999378e-01,3.051511572959194609e+02,1.107883951340215863e+05,1.117317324959703255e+05,1.581500654911254060e+03,1.349783827788789026e+01,3.979529835536997906e-01,1.995044483654824296e-05,5.446334748160678475e-08,1.603871584160653652e-15,-8.550937735662955674e-11,9.088853403227403760e-08
8.000000000000000444e-01,3.054824055455160305e+02,1.121161819331279839e+05,1.130655162480330328e+05,1.580377600876234737e+03,1.365181951887388045e+01,3.949132008741756406e-01,1.982441770361617394e-05,5.446711734432989277e-08,-2.291245120229505076e-16,1.083222400666272733e-11,-4.771982275997288525e-08
7.949999999999999289e-01,3.058147239869768441e+02,1.134606302374507941e+05,1.144160400742544007e+05,1.579249371582162894e+03,1.380769939238360955e+01,3.918509005416412339e-01,1.969835276395149329e-05,5.447164271141694857e-08,-2.291245120229505273e-15,6.731681878591189161e-11,-2.503918494767276570e-08
7.900000000000000355e-01,3.061480989556916370e+02,1.148218812992951571e+05,1.157834468343399494e+05,1.578115989126068825e+03,1.396549470354619338e+01,3.887660299266389452e-01,1.957224891896366619e-05,5.447691373763831862e-08,-6.873735360688516215e-16,-1.491944345843876363e-10,1.938027480719028972e-07
7.850000000000000311e-01,3.064825160698234185e+02,1.162000733744902391e+05,1.171678764368724514e+05,1.576977478018588954e+03,1.412522196773566385e+01,3.856585431669004582e-01,1.944610503253412593e-05,5.448292047172730584e-08,2.749494144275406486e-15,-8.465406153845833614e-11,9.732946182339219376e-08
7.800000000000000266e-01,3.068179602094676284e+02,1.175953414622309792e+05,1.185694655822507484e+05,1.575833865274179743e+03,1.428689738285356192e+01,3.825284015104532531e-01,1.931991992952922964e-05,5.448965285513722793e-08,9.164980480918020305e-16,1.745448230394686107e-11,1.061403054336551577e-08
7.750000000000000222e-01,3.071544154954548276e+02,1.190078170363851968e+05,1.199883474948813964e+05,1.574685180503665379e+03,1.445053680038214416e+01,3.793755736702190129e-01,1.919369239424464162e-05,5.449710072083021991e-08,9.164980480918020305e-16,-1.680824368577304995e-10,1.856712970038643107e-07
7.700000000000000178e-01,3.074918652678030071e+02,1.204376277658280160e+05,1.214246516443794972e+05,1.573531456009109206e+03,1.461615569517575253e+01,3.762000361903001244e-01,1.906742116877756300e-05,5.450525379209946780e-08,1.374747072137703243e-15,1.926565573739935644e-10,-2.107549335050862283e-07
7.650000000000000133e-01,3.078302920638300861e+02,1.218848972194640228e+05,1.228785034555493039e+05,1.572372726881014387e+03,1.478376913395902825e+01,3.730017738241587777e-01,1.894110495132287421e-05,5.451410168142963838e-08,2.291245120229505076e-16,9.261214017897145823e-11,-1.066356389856082387e-07
7.600000000000000089e-01,3.081696775959418346e+02,1.233497445662757236e+05,1.243500240069068095e+05,1.571209031097870366e+03,1.495339174249880365e+01,3.697807799248018501e-01,1.881474239438894470e-05,5.452363388939915750e-08,-4.582490240459010152e-16,1.103686031456163619e-10,-1.128183839682606049e-07
7.550000000000000044e-01,3.085100027291035190e+02,1.248322842574605456e+05,1.258393297175411426e+05,1.570040409628001498e+03,1.512503767142086453e+01,3.665370568471704726e-01,1.868833210292870900e-05,5.453383980362731508e-08,1.145622560114752637e-15,-4.040856538267689757e-11,3.921331881429068744e-08
7.500000000000000000e-01,3.088512474580155072e+02,1.263326257006479427e+05,1.273465320221041475e+05,1.568866906533734436e+03,1.529872056064057340e+01,3.632706163628177110e-01,1.856187263238119102e-05,5.454470869777062368e-08,-1.374747072137703243e-15,-1.806199634302174672e-11,1.950979822140652686e-09
7.449999999999999956e-01,3.091933908840073855e+02,1.278508729193351464e+05,1.288717370337472239e+05,1.567688569077845386e+03,1.547445350237993189e+01,3.599814800870100862e-01,1.843536248661842490e-05,5.455622973057356594e-08,4.124241216413109334e-15,4.991562718714703806e-11,-6.686320830340264365e-08
7.399999999999999911e-01,3.095364111916699130e+02,1.293871242018057819e+05,1.304150451948306436e+05,1.566505447832262462e+03,1.565224900274357367e+01,3.566696799183164401e-01,1.830880011579235828e-05,5.456839194497475638e-08,2.291245120229505076e-16,1.965503315659589134e-10,-2.119754753948654979e-07
7.349999999999999867e-01,3.098802856252484617e+02,1.309414717362359661e+05,1.319765509152612067e+05,1.565317596788987657e+03,1.583211894182909241e+01,3.533352584907568650e-01,1.818218391407591030e-05,5.458118426727890718e-08,2.062120608206554667e-15,5.610445441561751068e-11,-7.327889761654660106e-08
7.299999999999999822e-01,3.102249904648173811e+02,1.325140012347691518e+05,1.335563421983225271e+05,1.564125073473187058e+03,1.601407453234798695e+01,3.499782696385306258e-01,1.805551221729207890e-05,5.459459550639214268e-08,4.582490240459010152e-16,-9.072209650184959173e-11,1.119860826293006539e-07
7.249999999999999778e-01,3.105705010022651322e+02,1.341047915432520967e+05,1.351545002539026900e+05,1.562927939058406992e+03,1.619812627673707439e+01,3.465987788733357888e-01,1.792878330042434843e-05,5.460861435313209770e-08,1.145622560114752637e-15,-1.154631945610162802e-10,1.016428541333880275e-07
7.199999999999999734e-01,3.109167915171152572e+02,1.357139142383443250e+05,1.367710990990320570e+05,1.561726258483826314e+03,1.638428392274099821e+01,3.431968638742285971e-01,1.780199537500144148e-05,5.462322937961328925e-08,-6.873735360688516215e-16,-2.142996891052462161e-11,2.721867531363386661e-08
7.149999999999999689e-01,3.112638352522171772e+02,1.373414332126038498e+05,1.384062051456924528e+05,1.560520100573505260e+03,1.657255641745121721e+01,3.397726149899679138e-01,1.767514658634874102e-05,5.463842903871601360e-08,2.291245120229505273e-15,5.273648184811463580e-11,-9.216500984621234238e-08
7.099999999999999645e-01,3.116116043893372307e+02,1.389874042457758333e+05,1.400598767758733011e+05,1.559309538157508541e+03,1.676295185978815283e+01,3.363261357537143947e-01,1.754823501069824115e-05,5.465420166364177978e-08,1.145622560114752637e-15,-2.471267634973628446e-11,3.809554982581175864e-08
7.050000000000000711e-01,3.119600700246895713e+02,1.406518745645423769e+05,1.417321639039055444e+05,1.558094648194830370e+03,1.695547745141875851e+01,3.328575434099516062e-01,1.742125865214838652e-05,5.467053546756417972e-08,2.291245120229505273e-15,-7.133849067031405866e-12,1.172406882687937468e-08
6.999999999999999556e-01,3.123092021444435886e+02,1.423348823870759807e+05,1.434231075261246006e+05,1.556875511897990236e+03,1.715013944610373997e+01,3.293669694534043790e-01,1.729421543946426992e-05,5.468741854337739235e-08,2.291245120229505076e-16,-1.131184035330079496e-10,7.793323675286956131e-08
6.950000000000000622e-01,3.126589696002538403e+02,1.440364564574027609e+05,1.451327392579647421e+05,1.555652214859190735e+03,1.734694309747365182e+01,3.258545601797046554e-01,1.716710322270829442e-05,5.470483886355183720e-08,1.374747072137703243e-15,7.287326297955587506e-11,-8.578831511840689927e-08
6.899999999999999467e-01,3.130093400848540455e+02,1.457566155645952967e+05,1.468610808586423518e+05,1.554424847177881020e+03,1.754589260523949079e+01,3.223204772475132263e-01,1.703991976969027863e-05,5.472278428010027988e-08,2.291245120229505273e-15,5.505285116669256240e-11,-6.049322109902277589e-08
6.850000000000000533e-01,3.133602801077691993e+02,1.474953680521682836e+05,1.486081437436122505e+05,1.553193503589581951e+03,1.774699105984503689e+01,3.187648982517011786e-01,1.691266276222553957e-05,5.474124252466405739e-08,1.603871584160653652e-15,5.073275133327115327e-11,-3.582181307137943804e-08
6.799999999999999378e-01,3.137117549711968536e+02,1.492527113129413046e+05,1.503739284850565891e+05,1.551958283595801959e+03,1.795024038557702184e+01,3.151880173071651137e-01,1.678532979218816975e-05,5.476020120872299670e-08,6.873735360688516215e-16,-1.372200131299905479e-10,1.560681539558572695e-07
6.750000000000000444e-01,3.140637287461132132e+02,1.510286312739637506e+05,1.521584243007161422e+05,1.550719291594837159e+03,1.815564128215431339e+01,3.115900456427926901e-01,1.665791835734621687e-05,5.477964782393855571e-08,3.436867680344257910e-15,-9.208633855450898409e-12,2.043520908046048135e-08
6.699999999999999289e-01,3.144161642486660639e+02,1.528231018672341015e+05,1.539616085314310039e+05,1.549476637013269510e+03,1.836319316482325803e+01,3.079712122049785283e-01,1.653042585696391242e-05,5.479956974263485200e-08,1.374747072137703243e-15,-9.549694368615746498e-12,1.005446392809972167e-08
6.650000000000000355e-01,3.147690230169200163e+02,1.546360844925724959e+05,1.557834461078306776e+05,1.548230434437921303e+03,1.857289410299406285e+01,3.043317642700509307e-01,1.640284958715538087e-05,5.481995421842799503e-08,4.582490240459010152e-16,1.550688466522842646e-10,-1.734090346872108057e-07
6.599999999999999201e-01,3.151222652880209694e+02,1.564675274666833866e+05,1.576238890066812455e+05,1.546980803748028620e+03,1.878474075746117578e+01,3.006719680648702320e-01,1.627518673597258726e-05,5.484078838700745417e-08,3.665992192367208122e-15,9.302425496571231633e-11,-1.375105966872069985e-07
6.550000000000000266e-01,3.154758499758539187e+02,1.583173654647187213e+05,1.594828756974702410e+05,1.545727870247358396e+03,1.899872831625770431e+01,2.969921093947726076e-01,1.614743437820926093e-05,5.486205926707969978e-08,2.291245120229505273e-15,-1.159605744760483503e-11,3.013269633811432868e-08
6.499999999999999112e-01,3.158297346492722681e+02,1.601855189509576594e+05,1.613603305798994552e+05,1.544471764795977833e+03,1.921485042920461694e+01,2.932924942779478461e-01,1.601958946990061935e-05,5.488375376148168089e-08,2.062120608206554667e-15,-3.393552105990238488e-11,7.040398486424237490e-09
6.450000000000000178e-01,3.161838755109793055e+02,1.620718936001516413e+05,1.632561634130221501e+05,1.543212623941372158e+03,1.943309914122249538e+01,2.895734495852270163e-01,1.589164884249745182e-05,5.490585865847055865e-08,1.603871584160653652e-15,-6.980371836107224226e-11,5.715537554351612926e-08
6.400000000000000133e-01,3.165382273771492123e+02,1.639763797128038423e+05,1.651702687368734332e+05,1.541950590048564891e+03,1.965346482448637389e+01,2.858353236841708611e-01,1.576360919669088332e-05,5.492836063319917153e-08,2.291245120229505273e-15,7.844391802791506052e-12,-2.209480953752063215e-08
6.350000000000000089e-01,3.168927436578791230e+02,1.658988516214175033e+05,1.671025252875140868e+05,1.540685811428875923e+03,1.987593610951230261e+01,2.820784870862185212e-01,1.563546709586245172e-05,5.495124624938467037e-08,2.062120608206554667e-15,-1.023181539494544268e-12,2.617503014334943146e-08
6.300000000000000044e-01,3.172473763385688130e+02,1.678391670925905055e+05,1.690527954065244121e+05,1.539418442466944725e+03,2.010049981527764373e+01,2.783033330955640428e-01,1.550721895913172909e-05,5.497450196117913107e-08,3.207743168321307304e-15,6.593836587853729725e-11,-5.320430318533908576e-08
6.250000000000000000e-01,3.176020759623271488e+02,1.697971667220622185e+05,1.710209244460760383e+05,1.538148643745581467e+03,2.032714087848777851e+01,2.745102784582910127e-01,1.537886105397132604e-05,5.499811411524955652e-08,1.145622560114752637e-15,-6.536993168992921710e-11,8.665938366902992129e-08
6.199999999999999956e-01,3.179567916135144969e+02,1.717726733285451774e+05,1.730067401708236430e+05,1.536876582168025834e+03,2.055584228211488096e+01,2.706997640101806990e-01,1.525038948835646504e-05,5.502206895307721372e-08,3.207743168321307304e-15,7.628386811120435596e-11,-3.850595930998679250e-08
6.149999999999999911e-01,3.183114709025271054e+02,1.737654913418872457e+05,1.750100521579735505e+05,1.535602431077122446e+03,2.078658498334863935e+01,2.668722553214856186e-01,1.512180020241333714e-05,5.504635261348242056e-08,3.895116704390159123e-15,-2.398792275926098228e-11,4.031221578770782799e-08
6.099999999999999867e-01,3.186660599519454991e+02,1.757754061937113001e+05,1.770306511969827407e+05,1.534326370370938321e+03,2.101934784110907017e+01,2.630282433367861494e-01,1.499308895952715174e-05,5.507095113538565492e-08,3.207743168321307304e-15,1.199396137963049114e-11,3.378772817086428404e-09
6.049999999999999822e-01,3.190205033841613727e+02,1.778021837055640644e+05,1.790683086905018135e+05,1.533048586614266924e+03,2.125410754329233853e+01,2.591682450079871303e-01,1.486425133686723109e-05,5.509585046081203342e-08,3.436867680344257910e-15,7.958078640513122082e-13,1.305124897044152021e-10
5.999999999999999778e-01,3.193747443106129253e+02,1.798455694811907597e+05,1.811227760582506307e+05,1.531769273145480838e+03,2.149083853392805210e+01,2.552928039182730813e-01,1.473528271528252049e-05,5.512103643814733918e-08,2.978618656298356698e-15,4.519051799434237182e-11,-8.174447430064901710e-08
5.949999999999999734e-01,3.197287243227561930e+02,1.819052883013472601e+05,1.831937841456843016e+05,1.530488630178137100e+03,2.172951294044815995e+01,2.514024908947717907e-01,1.460617826851640757e-05,5.514649482565488941e-08,2.291245120229505076e-16,-3.689137884066440165e-11,4.309094947529956698e-08
5.899999999999999689e-01,3.200823834849095988e+02,1.839810435261744424e+05,1.852810426394134993e+05,1.529206864896717207e+03,2.197010050128016090e+01,2.474979046074807787e-01,1.447693295168488716e-05,5.517221129526087266e-08,3.207743168321307304e-15,1.756461642798967659e-11,-2.682645572349429131e-08
5.849999999999999645e-01,3.204356603291085435e+02,1.860725165031306387e+05,1.873842394914786855e+05,1.527924191545851954e+03,2.221256849399447830e+01,2.435796721518670160e-01,1.434754148895669407e-05,5.519817143661487260e-08,1.603871584160653652e-15,1.857642928371205926e-10,-1.852679361036280170e-07
5.800000000000000711e-01,3.207884918521160103e+02,1.881793659863590146e+05,1.895030403547329770e+05,1.526640831512350815e+03,2.245688166425522425e+01,2.396484496124215158e-01,1.421799836036792067e-05,5.522436076143706607e-08,4.582490240459010152e-16,5.150013748789206147e-11,-5.612332643067929894e-08
5.749999999999999556e-01,3.211408135147367489e+02,1.903012275691661926e+05,1.916370880316778494e+05,1.525357013399341440e+03,2.270300215583488423e+01,2.357049226042254031e-01,1.408829778769693446e-05,5.525076470815478885e-08,1.145622560114752637e-15,9.902123565552756190e-11,-9.406539902556687593e-08
5.700000000000000622e-01,3.214925592435833437e+02,1.924377131284596107e+05,1.937860019392987597e+05,1.524072973091747144e+03,2.295088944198009528e+01,2.317498067895336633e-01,1.395843371931802792e-05,5.527736864683970533e-08,9.164980480918020305e-16,-6.332356861094012856e-11,4.272555997886229306e-08
5.649999999999999467e-01,3.218436614354552603e+02,1.945884102893281379e+05,1.959493775925100199e+05,1.522788953812380441e+03,2.320050025842296293e+01,2.277838483660967472e-01,1.382839981394355456e-05,5.530415788445064476e-08,6.873735360688516215e-16,-1.489297574153169990e-10,1.521216290711890906e-07
5.600000000000000533e-01,3.221940509644820736e+02,1.967528819077346707e+05,1.981267861090168881e+05,1.521505206167820006e+03,2.345178853835956545e+01,2.238078245239066844e-01,1.369818942315543462e-05,5.533111767038878075e-08,-6.873735360688516215e-16,8.822098607197403908e-11,-1.144030647992622107e-07
5.549999999999999378e-01,3.225436571921964060e+02,1.989306655748405028e+05,2.003177737384899228e+05,1.520221988183265921e+03,2.370470534972837129e+01,2.198225438668070242e-01,1.356779557261591277e-05,5.535823320237207608e-08,-6.873735360688516215e-16,-1.095941115636378527e-10,1.107025582314236090e-07
5.500000000000000444e-01,3.228924079806980103e+02,2.011212731509452860e+05,2.025218614190955122e+05,1.518939565325547392e+03,2.395919883514187632e+01,2.158288467953106138e-01,1.343721094183625239e-05,5.538548963263355220e-08,-2.291245120229505076e-16,-1.164153218269348145e-10,1.336368313786806539e-07
5.449999999999999289e-01,3.232402297090706611e+02,2.033241903228487645e+05,2.047385443645528867e+05,1.517658210513367067e+03,2.421521415484268758e+01,2.118276058468078482e-01,1.330642784236838159e-05,5.541287207444931257e-08,-1.374747072137703243e-15,5.184119800105690956e-11,-3.772743184526916593e-08
5.400000000000000355e-01,3.235870472932209054e+02,2.055388761953130888e+05,2.069672916849927278e+05,1.516378204113950687e+03,2.447269343306969702e+01,2.078197259892088644e-01,1.317543819427016576e-05,5.544036560900026393e-08,2.062120608206554667e-15,-1.114131009671837091e-11,9.288214641856029630e-10
5.349999999999999201e-01,3.239327842093011895e+02,2.077647629179627984e+05,2.092075460450091050e+05,1.515099833925155053e+03,2.473157570823770612e+01,2.038061448639287287e-01,1.304423350067791557e-05,5.546795529257105594e-08,-9.164980480918020305e-16,-1.034550223266705871e-11,2.320803105249069631e-09
5.300000000000000266e-01,3.242773625208822068e+02,2.100012553481601062e+05,2.114587233624094515e+05,1.513823395142135269e+03,2.499179688735065952e+01,1.997878329740347958e-01,1.291280482030123326e-05,5.549562616409105668e-08,1.374747072137703243e-15,-1.023181539494544268e-12,-1.287003215111326426e-08
5.249999999999999112e-01,3.246207029100389150e+02,2.122477307562551578e+05,2.137202125512289058e+05,1.512549190307636991e+03,2.525328970507875326e+01,1.957657938132145725e-01,1.278114273763376851e-05,5.552336325301531927e-08,-9.164980480918020305e-16,-2.512479113647714257e-11,9.909626896842382848e-09
5.200000000000000178e-01,3.249627247125089866e+02,2.145035385753443697e+05,2.159913753126931842e+05,1.511277529244969173e+03,2.551598368794892124e+01,1.917410639311986076e-01,1.264923733064967559e-05,5.555115158755274590e-08,2.291245120229505076e-16,-3.979039320256561041e-12,-1.214175426866859198e-09
5.150000000000000133e-01,3.253033459570827972e+02,2.167680001985495037e+05,2.182715459778424702e+05,1.510008728972727113e+03,2.577980512410431402e+01,1.877147129311289298e-01,1.251707813572786046e-05,5.557897620323599667e-08,0.000000000000000000e+00,6.252776074688881636e-12,4.306002665543928742e-09
5.100000000000000089e-01,3.256424834093766663e+02,2.190404088279525167e+05,2.205600314056014176e+05,1.508743113600320612e+03,2.604467703910248133e+01,1.836878433943581745e-01,1.238465410951548102e-05,5.560682215183635911e-08,2.291245120229505076e-16,-9.436007530894130468e-11,9.624568519939202815e-08
5.050000000000000044e-01,3.259800526201370872e+02,2.213200293785962858e+05,2.228561109400990244e+05,1.507481014203375707e+03,2.631051917822785668e+01,1.796615907280918190e-01,1.225195358740635988e-05,5.563467451062024999e-08,2.291245120229505076e-16,1.601847543497569859e-10,-1.630562564969295636e-07
5.000000000000000000e-01,3.263159679782150420e+02,2.236060984382777533e+05,2.251590364310695441e+05,1.506222768678091143e+03,2.657724799580320862e+01,1.756371229313034021e-01,1.211896423826988376e-05,5.566251839194372956e-08,1.374747072137703243e-15,8.208189683500677347e-11,-9.123505151364952326e-08
4.949999999999999956e-01,3.266501427683448924e+02,2.258978242921222991e+05,2.274680323211222712e+05,1.504968721573659195e+03,2.684477665198297203e+01,1.716156402743231613e-01,1.198567301501959390e-05,5.569033895318256656e-08,2.062120608206554667e-15,-1.024318407871760428e-10,9.612062967789825052e-08
4.899999999999999911e-01,3.269824892338493214e+02,2.281943870086761890e+05,2.297822958036737109e+05,1.503719223901867963e+03,2.711301501751857757e+01,1.675983748875818913e-01,1.185206610055764229e-05,5.571812140698994619e-08,0.000000000000000000e+00,1.818989403545856476e-12,-2.745082383626140654e-09
4.849999999999999867e-01,3.273129186443798631e+02,2.304949385928060219e+05,2.321009970552626764e+05,1.502474632923032459e+03,2.738186968698189361e+01,1.635865902550489859e-01,1.171812884857043108e-05,5.574585103187767850e-08,2.291245120229505273e-15,-7.798917067702859640e-11,1.198138761537848040e-07
4.799999999999999822e-01,3.276413413687970433e+02,2.327986032115722483e+05,2.344232795458445034e+05,1.501235311907493042e+03,2.765124400092221180e+01,1.595815806079728671e-01,1.158384571858046235e-05,5.577351318310865823e-08,3.207743168321307304e-15,1.322177922702394426e-10,-1.002547378448070958e-07
4.749999999999999778e-01,3.279676669532710207e+02,2.351044774882387137e+05,2.367482604306169960e+05,1.500001629871871501e+03,2.792103807743412602e+01,1.555846702147337945e-01,1.144920020457824049e-05,5.580109330389483234e-08,4.582490240459010152e-16,1.841726771090179682e-11,1.394437276758253574e-08
4.699999999999999734e-01,3.282918042046764526e+02,2.374116308756946528e+05,2.390750310267046734e+05,1.498773961289447698e+03,2.819114885358994371e+01,1.515972125627323974e-01,1.131417475646409479e-05,5.582857693688612984e-08,-2.291245120229505076e-16,1.182343112304806709e-10,-1.364537638437468559e-07
4.649999999999999689e-01,3.286136612793303584e+02,2.397191061014529259e+05,2.414026573779033497e+05,1.497552685773975327e+03,2.846147013718223207e+01,1.476205894284986220e-01,1.117875069342045634e-05,5.585594973593759578e-08,1.603871584160653652e-15,7.275957614183425903e-11,-8.685515240358654410e-08
4.599999999999999645e-01,3.289331457771105534e+02,2.420259196944539726e+05,2.437301809104332351e+05,1.496338187736407008e+03,2.873189266919505513e+01,1.436562098324331016e-01,1.104290810820788555e-05,5.588319747814059421e-08,-2.291245120229505076e-16,-3.365130396559834480e-11,3.999207365268375725e-08
4.549999999999999600e-01,3.292501648409668178e+02,2.443310625885782647e+05,2.460566191824256093e+05,1.495130856014042820e+03,2.900230419740205789e+01,1.397055088749189489e-01,1.090662576122920083e-05,5.591030607610174857e-08,9.164980480918020305e-16,1.148237060988321900e-10,-9.953919288818724453e-08
4.499999999999999556e-01,3.295646252618150811e+02,2.466335008045314753e+05,2.483809667295328982e+05,1.493931083471720285e+03,2.927258956145281843e+01,1.357699464508585474e-01,1.076988096303170749e-05,5.593726159044837066e-08,-9.164980480918020305e-16,6.002665031701326370e-11,-7.247831490531098098e-08
4.449999999999999512e-01,3.298764335887863126e+02,2.489321762125869864e+05,2.507021960087817570e+05,1.492739266574756130e+03,2.954263078978115331e+01,1.318510058401185514e-01,1.063264944371200526e-05,5.596405024254438393e-08,-2.291245120229505076e-16,-9.845280146691948175e-11,1.288074145122664049e-07
4.399999999999999467e-01,3.301854962447683874e+02,2.512260073715712351e+05,2.530192584423537774e+05,1.491555804933478385e+03,2.981230720862095041e+01,1.279501921717728918e-01,1.049490520744566896e-05,5.599065842739023164e-08,4.582490240459010152e-16,-6.298250809777528048e-11,9.654445420892443508e-08
4.349999999999999423e-01,3.304917196471603233e+02,2.535138904421670886e+05,2.553310855626234552e+05,1.490381100819270387e+03,3.008149556337531649e+01,1.240690307605470111e-01,1.035662037007666841e-05,5.601707272668552116e-08,2.291245120229505076e-16,-8.208189683500677347e-11,8.905726645025424659e-08
4.299999999999999378e-01,3.307950103337255996e+02,2.557947001745904854e+05,2.576365902592832863e+05,1.489215558652225127e+03,3.035007015252773854e+01,1.202090653143817051e-01,1.021776497735997136e-05,5.604327992202741855e-08,-6.873735360688516215e-16,5.775291356258094311e-11,-4.690923560701776296e-08
4.249999999999999334e-01,3.310952750934020514e+02,2.580672909621616418e+05,2.599346681289392873e+05,1.488059584460585938e+03,3.061790297423301510e+01,1.163718560126407592e-01,1.007830680104269991e-05,5.606926700821648404e-08,1.374747072137703243e-15,-2.364686224609613419e-11,4.662751962314359844e-09
4.200000000000000400e-01,3.313924211018969572e+02,2.603304979587762209e+05,2.622241989269671030e+05,1.486913585312346186e+03,3.088486388565469909e+01,1.125589774550849742e-01,9.938211109480174876e-06,5.609502120664067926e-08,1.145622560114752637e-15,-5.911715561524033546e-12,1.086596057575661689e-08
4.150000000000000355e-01,3.316863560618619431e+02,2.625831382490068791e+05,2.645040481209204881e+05,1.485777968719484306e+03,3.115082077505783786e+01,1.087720164824496766e-01,9.797440408894009858e-06,5.612052997870535262e-08,-4.582490240459010152e-16,-9.777068044058978558e-11,9.490349839325062931e-08
4.100000000000000311e-01,3.319769883474105541e+02,2.648240120649699238e+05,2.667730685440783272e+05,1.484653142015493131e+03,3.141563974657925584e+01,1.050125698701351723e-01,9.655954150666871028e-06,5.614578103927587714e-08,-1.832996096183604061e-15,8.208189683500677347e-11,-6.928917173354420811e-08
4.050000000000000266e-01,3.322642271527047342e+02,2.670519040345109534e+05,2.690301021471486310e+05,1.483539511706991561e+03,3.167918531752962963e+01,1.012822418973178262e-01,9.513708399201918829e-06,5.617076237009663757e-08,2.291245120229505076e-16,5.388756108004599810e-11,-5.397919267124962062e-08
4.000000000000000222e-01,3.325479826443080924e+02,2.692655844506407157e+05,2.712739818453680491e+05,1.482437482800417229e+03,3.194132062798321314e+01,9.758264179454068099e-02,9.370655453816539759e-06,5.619546223314884586e-08,-6.873735360688516215e-16,-1.136868377216160297e-11,3.549553184711840004e-08
3.950000000000000178e-01,3.328281661169608014e+02,2.714638105403165100e+05,2.735035334575742600e+05,1.481347458104885163e+03,3.220190766233037749e+01,9.391538107370428490e-02,9.226743416839541838e-06,5.621986918390894272e-08,-6.873735360688516215e-16,1.145963324233889580e-10,-1.100399913411820307e-07
3.900000000000000133e-01,3.331046901523997690e+02,2.736453277115882956e+05,2.757175777329978882e+05,1.480269837512504182e+03,3.246080748236134639e+01,9.028207074520074038e-02,9.081915698474741860e-06,5.624397208446390362e-08,4.582490240459010152e-16,-6.093614501878619194e-11,6.654954631812870502e-08
3.850000000000000089e-01,3.333774687808141834e+02,2.758088707568751997e+05,2.779149324607187300e+05,1.479205017257614145e+03,3.271788047134732125e+01,8.668431842781294805e-02,8.936110446997832626e-06,5.626776011644186502e-08,3.895116704390159123e-15,5.832134775118902326e-10,-7.007270141912158579e-07
3.800000000000000044e-01,3.336464176444816871e+02,2.779531649682022398e+05,2.800944146558788489e+05,1.478153389156435878e+03,3.297298658847535080e+01,8.312372535789379346e-02,8.789259890357473151e-06,5.629122279371132547e-08,2.291245120229505273e-15,4.165485734120011330e-10,-5.533474904950708151e-07
3.750000000000000000e-01,3.339114541631105340e+02,2.800769271426810883e+05,2.822548428157983581e+05,1.477115339828955712e+03,3.322598563286767614e+01,7.960188330521494882e-02,8.641289572109469306e-06,5.631434997480312194e-08,4.124241216413109334e-15,4.979483492206782103e-10,-5.737524588766973466e-07
3.699999999999999956e-01,3.341724977003559616e+02,2.821788664069561055e+05,2.843950392381985439e+05,1.476091249904724464e+03,3.347673751629444183e+01,7.612037140378823119e-02,8.492117460629575656e-06,5.633713187500207664e-08,2.749494144275406486e-15,4.158664523856714368e-10,-4.749354047817178071e-07
3.649999999999999911e-01,3.344294697309637172e+02,2.842576848149541765e+05,2.865138323926316807e+05,1.475081493214541524e+03,3.372510254353816350e+01,7.268075290681785816e-02,8.341652905462190149e-06,5.635955907805987451e-08,5.957237312596713395e-15,3.735749487532302737e-10,-4.213752617943100631e-07
3.599999999999999867e-01,3.346822940079434261e+02,2.863120776324272156e+05,2.886100593351065763e+05,1.474086435969927606e+03,3.397094169922076645e+01,6.928457187583271504e-02,8.189795408110479559e-06,5.638162254746925697e-08,5.040739264504911759e-15,3.603872755775228143e-10,-4.242683644406497478e-07
3.549999999999999822e-01,3.349308967291454451e+02,2.883407332126832916e+05,2.906825681545817642e+05,1.473106435932303384e+03,3.421411693972383716e+01,6.593334981486843882e-02,8.036433166064099292e-06,5.640331363724509708e-08,5.269863776527861971e-15,3.813056537183001637e-10,-4.329435796535108238e-07
3.499999999999999778e-01,3.351752067025719271e+02,2.903423323364296230e+05,2.927302204385065124e+05,1.472141841573729153e+03,3.445449148862966382e+01,6.262858226137629769e-02,7.881441337707566395e-06,5.642462410214474529e-08,4.353365728436060335e-15,2.853539626812562346e-10,-3.135387487418483943e-07
3.449999999999999734e-01,3.354151555097146229e+02,2.923155468530167709e+05,2.947518937428461504e+05,1.471192991230878079e+03,3.469193013387088342e+01,5.937173534629177490e-02,7.724679960988070778e-06,5.644554610726139896e-08,2.062120608206554667e-15,2.496562956366688013e-10,-2.743649929470848292e-07
3.399999999999999689e-01,3.356506776661646541e+02,2.942590374079018366e+05,2.967464840498861158e+05,1.470260212253611371e+03,3.492629952448184127e+01,5.616424233640102126e-02,7.565991438969258667e-06,5.646607223691332265e-08,2.520369632252455880e-15,2.298747858731076121e-10,-2.450587999192066491e-07
3.349999999999999645e-01,3.358817107786845781e+02,2.961714499749809038e+05,2.987129081943718484e+05,1.469343820149063504e+03,3.515746846446854335e+01,5.300750017277664622e-02,7.405197478666123028e-06,5.648619550274252872e-08,9.164980480918020305e-16,2.496562956366688013e-10,-2.202350515290163457e-07
3.299999999999999600e-01,3.361081956978692915e+02,2.980514108114114497e+05,3.006501062349904096e+05,1.468444117721397561e+03,3.538530820082486628e+01,4.990286601962826835e-02,7.242095332928211830e-06,5.650590935092450993e-08,3.436867680344257910e-15,1.500666257925331593e-10,-1.652715582167729735e-07
3.249999999999999556e-01,3.363300766654290328e+02,2.998975193156051682e+05,3.025570437433059560e+05,1.467561394206287559e+03,3.560969270205161763e+01,4.685165383839257763e-02,7.076453144266512349e-06,5.652520766837008902e-08,3.207743168321307304e-15,1.650732883717864752e-10,-1.898074515338521451e-07
3.199999999999999512e-01,3.365473014550132120e+02,3.017083380663014832e+05,3.044327139755449025e+05,1.466695924397525459e+03,3.583049892261411884e+01,4.385513100231191314e-02,6.908004117815862323e-06,5.654408478777747391e-08,6.186361824619664396e-15,9.390532795805484056e-11,-6.776554073439911008e-08
3.149999999999999467e-01,3.367598215053134822e+02,3.034823790268110461e+05,3.062761398826902732e+05,1.465847967760683332e+03,3.604760704741607213e+01,4.091451496704749669e-02,6.736439147913375338e-06,5.656253549135092423e-08,4.582490240459010152e-16,1.066382537828758359e-10,-8.122924555209465325e-08
3.099999999999999423e-01,3.369675920439319725e+02,3.052180844477461069e+05,3.080863758998561534e+05,1.465017767524945384e+03,3.626090070838951362e+01,3.803097001312297915e-02,6.561397373006384171e-06,5.658055501295536494e-08,2.749494144275406486e-15,1.750777300912886858e-10,-1.689386408543214202e-07
3.049999999999999378e-01,3.371705722000972969e+02,3.069138003222947591e+05,3.098625094335850445e+05,1.464205549738457194e+03,3.647026716225982312e+01,3.520560407613679277e-02,6.382453910887471335e-06,5.659813903838595453e-08,4.582490240459010152e-16,9.617906471248716116e-11,-9.021596270031295717e-08
2.999999999999999334e-01,3.373687251036909629e+02,3.085677391672199010e+05,3.116036619308607187e+05,1.463411522263286088e+03,3.667559741380061666e+01,3.243946568076490344e-02,6.199103687732701290e-06,5.661528370332439306e-08,-9.164980480918020305e-16,1.591615728102624416e-11,-3.912691681762225926e-08
2.950000000000000400e-01,3.375620179670223138e+02,3.101779271600340726e+05,3.133089893572211149e+05,1.462635873671314357e+03,3.687678626122663417e+01,2.973354099460258013e-02,6.010739747125746466e-06,5.663198558835514575e-08,2.291245120229505076e-16,1.293756213271990418e-10,-1.073035491572227329e-07
2.900000000000000355e-01,3.377504221440883612e+02,3.117421277649838594e+05,3.149776818176170927e+05,1.461878771977646011e+03,3.707373222763562381e+01,2.708875101791546544e-02,5.816623580930828135e-06,5.664824171012929450e-08,1.145622560114752637e-15,2.387423592153936625e-11,-1.327725840383209288e-08
2.850000000000000311e-01,3.379339131591090677e+02,3.132577289795146207e+05,3.166089618918944616e+05,1.461140363105629376e+03,3.726633732044223990e+01,2.450594892542927450e-02,5.615843628837004029e-06,5.666404950728472614e-08,2.520369632252455880e-15,2.796696207951754332e-11,-4.679486664826981723e-08
2.800000000000000266e-01,3.381124706908270809e+02,3.147215723632022855e+05,3.182020809669126174e+05,1.460420768901356041e+03,3.745450652139352599e+01,2.198591757649086958e-02,5.407255703924774290e-06,5.667940681892757141e-08,2.291245120229505076e-16,3.637978807091712952e-12,-5.188667273614555597e-09
2.750000000000000222e-01,3.382860784891132084e+02,3.161296851914194995e+05,3.197563123031828436e+05,1.459720084372635256e+03,3.763814683589550469e+01,1.952936721040606297e-02,5.189394834280570692e-06,5.669431185208132435e-08,-1.374747072137703243e-15,6.320988177321851254e-11,-6.810751074226573110e-08
2.700000000000000178e-01,3.384547241807114801e+02,3.174768437418009853e+05,3.212709384965968784e+05,1.459038373544387696e+03,3.781716558416076168e+01,1.713693334467782450e-02,4.960340006225268659e-06,5.670876313194378696e-08,2.749494144275406486e-15,8.230927051045000553e-11,-7.589824235765263438e-08
2.650000000000000133e-01,3.386183988793758317e+02,3.187558253342487733e+05,3.227452287212538067e+05,1.458375662724684162e+03,3.799146730799041904e+01,1.480917489533084552e-02,4.717497373597385064e-06,5.672275942383283088e-08,4.582490240459010152e-16,-7.139533408917486668e-11,8.834285836201161146e-08
2.600000000000000089e-01,3.387770964207799693e+02,3.199560459018013207e+05,3.241783959451098926e+05,1.457731928609561464e+03,3.816094796207802631e+01,1.254657253993347182e-02,4.457233485250519833e-06,5.673629960544064697e-08,9.164980480918020305e-16,1.000444171950221062e-10,-1.157786755356937647e-07
2.550000000000000044e-01,3.389308118038276803e+02,3.210608743519667769e+05,3.255695112225589110e+05,1.457107075209643881e+03,3.832548328263031578e+01,1.034952734124277261e-02,4.174210640521759848e-06,5.674938244489073147e-08,6.873735360688516215e-16,1.514308678451925516e-10,-1.259122655028477311e-07
2.500000000000000000e-01,3.390795377374382156e+02,3.220417532354092109e+05,3.269173147004976636e+05,1.456500883708303945e+03,3.848490314156841663e+01,8.218359620833871892e-03,3.860068247356144547e-06,5.676200618203118299e-08,2.062120608206554667e-15,1.277840055990964174e-10,-1.499611244071274996e-07
2.449999999999999956e-01,3.392232558689907478e+02,3.228432926167605328e+05,3.282197352753860760e+05,1.455912885670406013e+03,3.863892636560834148e+01,6.153307896335471344e-03,3.500455820876477953e-06,5.677416764130739787e-08,2.291245120229505076e-16,-1.818989403545856476e-12,-1.602529664523899555e-09
2.399999999999999911e-01,3.393619090383348293e+02,3.233360060243102489e+05,3.294723674261778360e+05,1.455341961182363775e+03,3.878695404575403671e+01,4.154526543919546955e-03,3.066964079763078703e-06,5.678585999425362073e-08,1.603871584160653652e-15,-5.002220859751105309e-12,-8.966708264779299498e-09
2.349999999999999867e-01,3.394952704653995283e+02,3.230925742815679987e+05,3.306612685436033062e+05,1.454784435568152276e+03,3.892709217298656910e+01,2.222069957701969505e-03,2.486558361095227768e-06,5.679706513758166888e-08,-2.291245120229505076e-16,5.638867150992155075e-11,-6.540449248859658837e-08
2.299999999999999822e-01,3.396207930087396676e+02,3.176879338226619293e+05,3.316441045198115753e+05,1.454202567208826167e+03,3.904002594136943571e+01,3.554511557705338507e-04,1.348507438634871066e-06,5.680769608771262138e-08,-1.832996096183604061e-15,3.637978807091712952e-11,-2.646447683218866587e-08
