fluid,initial_droplet_radius_m,G_Pa,effective_gel_gas_sigma_N_m,failure_stretch_reference,T_at_failure_K,p_at_failure_Pa,vapor_fraction_at_failure,complete_vaporization_stretch,T_full_vapor_K,full_vaporization_exceeds_reference_failure,Q_at_failure_excluding_host_heat_J,pressure_stiffness_at_fixed_bath_T_Pa_per_stretch,two_phase_fixed_bath_T_radial_stable,evidence_type,uncertainty
n-Perfluoropentane,1e-07,10000.0,0.0,2.1,306.0088078662426,115219.09595281801,0.0712181033434823,4.812362742545526,307.35148566641124,True,1.3492235346699116e-13,5024.851246333035,True,analytic incompressible elastic law + exact equilibrium EOS reference,"interface tension reference bracket; Li 80 kPa modulus is fitted, not measured cold failure law"
n-Perfluoropentane,1e-07,10000.0,0.03,2.1,346.5441483225864,400933.3816671037,0.24539244259827103,3.64670497746665,334.1205605321848,True,5.240109281915233e-13,-131029.57052237444,False,analytic incompressible elastic law + exact equilibrium EOS reference,"interface tension reference bracket; Li 80 kPa modulus is fitted, not measured cold failure law"
n-Perfluoropentane,1e-07,10000.0,0.072,2.1,374.84971921387074,800933.3816671037,0.5346334308573301,2.7525919469069104,365.20223507693123,True,8.560774457529451e-13,-321505.7609985649,False,analytic incompressible elastic law + exact equilibrium EOS reference,"interface tension reference bracket; Li 80 kPa modulus is fitted, not measured cold failure law"
n-Perfluoropentane,1e-07,27027.027027027,0.0,2.1,311.8330658666087,141132.69176437298,0.08655574461882286,4.439994006366301,314.6843141063987,True,1.8521849365892615e-13,13580.679044143328,True,analytic incompressible elastic law + exact equilibrium EOS reference,"interface tension reference bracket; Li 80 kPa modulus is fitted, not measured cold failure law"
n-Perfluoropentane,1e-07,27027.027027027,0.03,2.1,348.9146359606507,426846.97747865866,0.2621327728905979,3.4904121770010463,338.7328053883937,True,5.49164323890134e-13,-122473.74272456414,False,analytic incompressible elastic law + exact equilibrium EOS reference,"interface tension reference bracket; Li 80 kPa modulus is fitted, not measured cold failure law"
n-Perfluoropentane,1e-07,27027.027027027,0.072,2.1,376.2688901527553,826846.9774786587,0.5563027629264621,2.689126299507809,367.88986040129845,True,8.739245882785347e-13,-312949.93320075463,False,analytic incompressible elastic law + exact equilibrium EOS reference,"interface tension reference bracket; Li 80 kPa modulus is fitted, not measured cold failure law"
n-Perfluoropentane,3e-07,10000.0,0.0,2.1,306.0088078662426,115219.09595281801,0.0712181033434823,4.812362742545526,307.35148566641124,True,3.642903543608761e-12,5024.851246333035,True,analytic incompressible elastic law + exact equilibrium EOS reference,"interface tension reference bracket; Li 80 kPa modulus is fitted, not measured cold failure law"
n-Perfluoropentane,3e-07,10000.0,0.03,2.1,324.12070395917175,210457.19119091326,0.12776095707040716,4.342544029366461,316.76800561155073,True,8.048659303019757e-12,-40326.62267656946,False,analytic incompressible elastic law + exact equilibrium EOS reference,"interface tension reference bracket; Li 80 kPa modulus is fitted, not measured cold failure law"
n-Perfluoropentane,3e-07,10000.0,0.072,2.1,340.87511744504076,343790.5245242466,0.20918150308571506,3.8284224868234173,329.1196552524657,True,1.253172909760035e-11,-103818.68616863294,False,analytic incompressible elastic law + exact equilibrium EOS reference,"interface tension reference bracket; Li 80 kPa modulus is fitted, not measured cold failure law"
n-Perfluoropentane,3e-07,27027.027027027,0.0,2.1,311.8330658666087,141132.69176437298,0.08655574461882286,4.439994006366301,314.6843141063987,True,5.000899328791005e-12,13580.679044143328,True,analytic incompressible elastic law + exact equilibrium EOS reference,"interface tension reference bracket; Li 80 kPa modulus is fitted, not measured cold failure law"
n-Perfluoropentane,3e-07,27027.027027027,0.03,2.1,327.9105048154099,236370.78700246822,0.1433125494407544,4.069459944550917,323.02416453664233,True,9.013338608512712e-12,-31770.794878759163,False,analytic incompressible elastic law + exact equilibrium EOS reference,"interface tension reference bracket; Li 80 kPa modulus is fitted, not measured cold failure law"
n-Perfluoropentane,3e-07,27027.027027027,0.072,2.1,343.5280427148902,369704.1203358015,0.2254882611636953,3.6453510947942904,334.1592364846123,True,1.3268661301471694e-11,-95262.85837082265,False,analytic incompressible elastic law + exact equilibrium EOS reference,"interface tension reference bracket; Li 80 kPa modulus is fitted, not measured cold failure law"
n-Perfluoropentane,1e-06,10000.0,0.0,2.1,306.0088078662426,115219.09595281801,0.0712181033434823,4.812362742545526,307.35148566641124,True,1.3492235346699117e-10,5024.851246333035,True,analytic incompressible elastic law + exact equilibrium EOS reference,"interface tension reference bracket; Li 80 kPa modulus is fitted, not measured cold failure law"
n-Perfluoropentane,1e-06,10000.0,0.03,2.1,312.3821450093386,143790.52452424658,0.08812906422450989,4.660621153559203,310.2260382241565,True,1.9056406555937856e-10,-8580.590930537712,False,analytic incompressible elastic law + exact equilibrium EOS reference,"interface tension reference bracket; Li 80 kPa modulus is fitted, not measured cold failure law"
n-Perfluoropentane,1e-06,10000.0,0.072,2.1,319.826980323668,183790.52452424658,0.11185620468758238,4.464108568156091,314.1799105012631,True,2.579740137738784e-10,-27628.20997815676,False,analytic incompressible elastic law + exact equilibrium EOS reference,"interface tension reference bracket; Li 80 kPa modulus is fitted, not measured cold failure law"
n-Perfluoropentane,1e-06,27027.027027027,0.0,2.1,311.8330658666087,141132.69176437298,0.08655574461882286,4.439994006366301,314.6843141063987,True,1.8521849365892614e-10,13580.679044143328,True,analytic incompressible elastic law + exact equilibrium EOS reference,"interface tension reference bracket; Li 80 kPa modulus is fitted, not measured cold failure law"
n-Perfluoropentane,1e-06,27027.027027027,0.03,2.1,317.36219213488084,169704.12033580156,0.10348665970515085,4.3219621600028475,317.21763400758886,True,2.3488004960576017e-10,-24.763132727420437,False,analytic incompressible elastic law + exact equilibrium EOS reference,"interface tension reference bracket; Li 80 kPa modulus is fitted, not measured cold failure law"
n-Perfluoropentane,1e-06,27027.027027027,0.072,2.1,324.00534576060676,209704.12033580156,0.127310536099415,4.166807120775243,320.7198423101608,True,2.9652952364507057e-10,-19072.382180346463,False,analytic incompressible elastic law + exact equilibrium EOS reference,"interface tension reference bracket; Li 80 kPa modulus is fitted, not measured cold failure law"
n-Perfluoropentane,3e-06,10000.0,0.0,2.1,306.0088078662426,115219.09595281801,0.0712181033434823,4.812362742545526,307.35148566641124,True,3.6429035436087623e-09,5024.851246333035,True,analytic incompressible elastic law + exact equilibrium EOS reference,"interface tension reference bracket; Li 80 kPa modulus is fitted, not measured cold failure law"
n-Perfluoropentane,3e-06,10000.0,0.03,2.1,308.25755003246263,124742.90547662754,0.07685593430946525,4.7606714595631745,308.3141511413291,True,4.167302059123364e-09,489.7038540427862,True,analytic incompressible elastic law + exact equilibrium EOS reference,"interface tension reference bracket; Li 80 kPa modulus is fitted, not measured cold failure law"
n-Perfluoropentane,3e-06,10000.0,0.072,2.1,311.1916486773744,138076.23880996087,0.08474668098426835,4.6901792150349015,309.6543881616146,True,4.8607960606921755e-09,-5859.5024951635605,False,analytic incompressible elastic law + exact equilibrium EOS reference,"interface tension reference bracket; Li 80 kPa modulus is fitted, not measured cold failure law"
n-Perfluoropentane,3e-06,27027.027027027,0.0,2.1,311.8330658666087,141132.69176437298,0.08655574461882286,4.439994006366301,314.6843141063987,True,5.000899328791006e-09,13580.679044143328,True,analytic incompressible elastic law + exact equilibrium EOS reference,"interface tension reference bracket; Li 80 kPa modulus is fitted, not measured cold failure law"
n-Perfluoropentane,3e-06,27027.027027027,0.03,2.1,313.7651000042587,150656.5012881825,0.0921945642829007,4.399953676169103,315.5315623818102,True,5.464971042100519e-09,9045.531651853078,True,analytic incompressible elastic law + exact equilibrium EOS reference,"interface tension reference bracket; Li 80 kPa modulus is fitted, not measured cold failure law"
n-Perfluoropentane,3e-06,27027.027027027,0.072,2.1,316.31725356153095,163989.83462151582,0.10009643326008774,4.345071906820785,316.71301552643706,True,6.085322441373912e-09,2696.3253026467305,True,analytic incompressible elastic law + exact equilibrium EOS reference,"interface tension reference bracket; Li 80 kPa modulus is fitted, not measured cold failure law"
n-Perfluorohexane,1e-07,10000.0,0.0,2.1,334.1228241010531,115219.09595281801,0.07355310351041966,4.752174859646017,335.56268676199363,True,3.541331522451601e-13,5024.851246333035,True,analytic incompressible elastic law + exact equilibrium EOS reference,"interface tension reference bracket; Li 80 kPa modulus is fitted, not measured cold failure law"
n-Perfluorohexane,1e-07,10000.0,0.03,2.1,378.0135761682461,400933.3816671037,0.25797759536906134,3.5763127197628086,364.97549713667973,True,7.939842700438697e-13,-131029.57052237444,False,analytic incompressible elastic law + exact equilibrium EOS reference,"interface tension reference bracket; Li 80 kPa modulus is fitted, not measured cold failure law"
n-Perfluorohexane,1e-07,10000.0,0.072,2.1,408.56323042711136,800933.3816671037,0.5821278052230057,2.661614194263636,399.40924743309995,True,1.1630705296185653e-12,-321505.7609985649,False,analytic incompressible elastic law + exact equilibrium EOS reference,"interface tension reference bracket; Li 80 kPa modulus is fitted, not measured cold failure law"
n-Perfluorohexane,1e-07,27027.027027027,0.0,2.1,340.4280077705577,141132.69176437298,0.08953504204474098,4.382384949273837,343.48146465088803,True,4.1165849566881277e-13,13580.679044143328,True,analytic incompressible elastic law + exact equilibrium EOS reference,"interface tension reference bracket; Li 80 kPa modulus is fitted, not measured cold failure law"
n-Perfluorohexane,1e-07,27027.027027027,0.03,2.1,380.57804868117995,426846.97747865866,0.27606741967242976,3.421908357571981,369.9301285613494,True,8.221555300448243e-13,-122473.74272456414,False,analytic incompressible elastic law + exact equilibrium EOS reference,"interface tension reference bracket; Li 80 kPa modulus is fitted, not measured cold failure law"
n-Perfluorohexane,1e-07,27027.027027027,0.072,2.1,410.08848945327304,826846.9774786587,0.6075992252290422,2.5981743596662974,402.2739426441729,True,1.1828703536955627e-12,-312949.93320075463,False,analytic incompressible elastic law + exact equilibrium EOS reference,"interface tension reference bracket; Li 80 kPa modulus is fitted, not measured cold failure law"
n-Perfluorohexane,3e-07,10000.0,0.0,2.1,334.1228241010531,115219.09595281801,0.07355310351041966,4.752174859646017,335.56268676199363,True,9.561595110619322e-12,5024.851246333035,True,analytic incompressible elastic law + exact equilibrium EOS reference,"interface tension reference bracket; Li 80 kPa modulus is fitted, not measured cold failure law"
n-Perfluorohexane,3e-07,10000.0,0.03,2.1,353.734944314489,210457.19119091326,0.13270859256739592,4.27867837165029,345.8941910046561,True,1.4575864267004405e-11,-40326.62267656946,False,analytic incompressible elastic law + exact equilibrium EOS reference,"interface tension reference bracket; Li 80 kPa modulus is fitted, not measured cold failure law"
n-Perfluorohexane,3e-07,10000.0,0.072,2.1,371.8782631849672,343790.5245242466,0.2190803133039467,3.7600039110065184,359.4701506528331,True,1.9627024607857675e-11,-103818.68616863294,False,analytic incompressible elastic law + exact equilibrium EOS reference,"interface tension reference bracket; Li 80 kPa modulus is fitted, not measured cold failure law"
n-Perfluorohexane,3e-07,27027.027027027,0.0,2.1,340.4280077705577,141132.69176437298,0.08953504204474098,4.382384949273837,343.48146465088803,True,1.1114779383057942e-11,13580.679044143328,True,analytic incompressible elastic law + exact equilibrium EOS reference,"interface tension reference bracket; Li 80 kPa modulus is fitted, not measured cold failure law"
n-Perfluorohexane,3e-07,27027.027027027,0.03,2.1,357.83956861132486,236370.78700246822,0.14909465166418207,4.00813960364513,352.64001275237604,True,1.566851074032107e-11,-31770.794878759163,False,analytic incompressible elastic law + exact equilibrium EOS reference,"interface tension reference bracket; Li 80 kPa modulus is fitted, not measured cold failure law"
n-Perfluorohexane,3e-07,27027.027027027,0.072,2.1,374.74976432970135,369704.1203358015,0.23655814844929854,3.5790558665663754,364.89025612793745,True,2.0454592973423375e-11,-95262.85837082265,False,analytic incompressible elastic law + exact equilibrium EOS reference,"interface tension reference bracket; Li 80 kPa modulus is fitted, not measured cold failure law"
n-Perfluorohexane,1e-06,10000.0,0.0,2.1,334.1228241010531,115219.09595281801,0.07355310351041966,4.752174859646017,335.56268676199363,True,3.541331522451601e-10,5024.851246333035,True,analytic incompressible elastic law + exact equilibrium EOS reference,"interface tension reference bracket; Li 80 kPa modulus is fitted, not measured cold failure law"
n-Perfluorohexane,1e-06,10000.0,0.03,2.1,341.0225236029465,143790.52452424658,0.09117714517800175,4.59925915433235,338.7148626782282,True,4.1768643376221295e-10,-8580.590930537712,False,analytic incompressible elastic law + exact equilibrium EOS reference,"interface tension reference bracket; Li 80 kPa modulus is fitted, not measured cold failure law"
n-Perfluorohexane,1e-06,10000.0,0.072,2.1,349.0846088479642,183790.52452424658,0.11600272479788035,4.401211674236527,343.05304551369017,True,4.943636007824085e-10,-27628.20997815676,False,analytic incompressible elastic law + exact equilibrium EOS reference,"interface tension reference bracket; Li 80 kPa modulus is fitted, not measured cold failure law"
n-Perfluorohexane,1e-06,27027.027027027,0.0,2.1,340.4280077705577,141132.69176437298,0.08953504204474098,4.382384949273837,343.48146465088803,True,4.1165849566881277e-10,13580.679044143328,True,analytic incompressible elastic law + exact equilibrium EOS reference,"interface tension reference bracket; Li 80 kPa modulus is fitted, not measured cold failure law"
n-Perfluorohexane,1e-06,27027.027027027,0.03,2.1,346.4152621700821,169704.12033580156,0.1072325822601012,4.263206128142754,346.26200359412593,True,4.681982698543657e-10,-24.763132727420437,False,analytic incompressible elastic law + exact equilibrium EOS reference,"interface tension reference bracket; Li 80 kPa modulus is fitted, not measured cold failure law"
n-Perfluorohexane,1e-06,27027.027027027,0.072,2.1,353.6100028265133,209704.12033580156,0.1322347603192851,4.106497537786867,350.10809995098174,True,5.381337370389213e-10,-19072.382180346463,False,analytic incompressible elastic law + exact equilibrium EOS reference,"interface tension reference bracket; Li 80 kPa modulus is fitted, not measured cold failure law"
n-Perfluorohexane,3e-06,10000.0,0.0,2.1,334.1228241010531,115219.09595281801,0.07355310351041966,4.752174859646017,335.56268676199363,True,9.561595110619325e-09,5024.851246333035,True,analytic incompressible elastic law + exact equilibrium EOS reference,"interface tension reference bracket; Li 80 kPa modulus is fitted, not measured cold failure law"
n-Perfluorohexane,3e-06,10000.0,0.03,2.1,336.55700859247946,124742.90547662754,0.07942223784073824,4.700083968159439,336.61815484041205,True,1.0161304568669585e-08,489.7038540427862,True,analytic incompressible elastic law + exact equilibrium EOS reference,"interface tension reference bracket; Li 80 kPa modulus is fitted, not measured cold failure law"
n-Perfluorohexane,3e-06,10000.0,0.072,2.1,339.73353194173114,138076.23880996087,0.08764750844245409,4.6290462780568635,338.08788117765636,True,1.095315892302788e-08,-5859.5024951635605,False,analytic incompressible elastic law + exact equilibrium EOS reference,"interface tension reference bracket; Li 80 kPa modulus is fitted, not measured cold failure law"
n-Perfluorohexane,3e-06,27027.027027027,0.0,2.1,340.4280077705577,141132.69176437298,0.08953504204474098,4.382384949273837,343.48146465088803,True,1.1114779383057946e-08,13580.679044143328,True,analytic incompressible elastic law + exact equilibrium EOS reference,"interface tension reference bracket; Li 80 kPa modulus is fitted, not measured cold failure law"
n-Perfluorohexane,3e-06,27027.027027027,0.03,2.1,342.51998193427534,150656.5012881825,0.09542270900581744,4.3419582829664725,344.41124814314134,True,1.1643696645226835e-08,9045.531651853078,True,analytic incompressible elastic law + exact equilibrium EOS reference,"interface tension reference bracket; Li 80 kPa modulus is fitted, not measured cold failure law"
n-Perfluorohexane,3e-06,27027.027027027,0.072,2.1,345.28365362695865,163989.83462151582,0.10368417139028895,4.2865424717327825,345.7080372934669,True,1.234978458317805e-08,2696.3253026467305,True,analytic incompressible elastic law + exact equilibrium EOS reference,"interface tension reference bracket; Li 80 kPa modulus is fitted, not measured cold failure law"
