% Model,potential_sphere3d_normal_failed.mph
% Version,COMSOL 6.4.0.429
% Date,"Oct 8 2026, 20:38"
% Table,Table - 
% Time (s),t/tau (1),c.Vb/V0 (1),c.Req/a (1),ref.xr (1),c.Um (m/s),a*ref.xrt (m/s),c.Ek/E0 (1),c.ic(1)/(4*pi*c.Req^2) (1),c.Ek/E0+c.Vb/V0+sigmaL*(c.ic(1)-4*pi*a^2)/E0 (1),c.ic(c.curvature)/c.ic(1)*c.Req/2 (1),c.ic(c.curvc)/c.ic(1)*c.Req/2 (1),c.mn(spatial.relVolMin) (1)
0,0,0.9999578971340018,0.9999859655143687,0.9999999999986574,-1.3206229417604153E-5,-1.3343422606233268E-5,2.781731295857081E-12,1.0000001125639628,0.999956387501255,0.9888196326464714,0.998966089779028,0.9999999999992897
1.1180339887498947E-7,0.02,0.9992196330420389,0.9997398099877092,0.9997512780731543,-0.2201652648635185,-0.22246486411112376,7.726537629730952E-4,1.0000001075235525,0.9999641957426728,0.989145029056307,0.9989938951760359,0.9998685479121082
2.2360679774997894E-7,0.04,0.9970059562988476,0.9990009877398003,0.9990046851551353,-0.44068630713095647,-0.4453371124263344,0.0030898892007050786,1.0000001184780396,0.9999880124538655,0.9901199727845162,0.9990772351687686,0.9994776279718314
3.354101966249684E-7,0.06,0.9933187251299002,0.9977679299467374,0.9977583561274321,-0.6619545896929246,-0.6691196768614432,0.00694981402923016,1.000000222306971,1.0000277565798072,0.9917402647687268,0.999215871109845,0.998839325600089
4.4721359549995787E-7,0.08,0.9881630146180874,0.9960386667656624,0.9960100054535449,-0.8843045336452672,-0.8941416437683403,0.0123484430983532,1.0000005438142496,1.0000845102375995,0.9940019094451928,0.999409593206879,0.9979632600698921
5.590169943749474E-7,0.1,0.9815458141228772,0.9938103722606987,0.9937563919118295,-1.108109014357593,-1.1208268267549824,0.019280074948987126,1.0000012515995305,1.0001595448488587,0.9968996080405038,0.9996581427895062,0.9968346099230988
6.708203932499368E-7,0.12,0.9734761172467876,0.9910793646417204,0.9909933027931115,-1.3337501878485303,-1.3496132217740004,0.027737348267813863,1.0000025530835195,1.0002544695113753,1.0004273288660548,0.9999612684489073,0.9954678475028269
7.826237921249263E-7,0.13999999999999999,0.9639649695831353,0.9878410831231845,0.9877155126918112,-1.5616255411780986,-1.5809629350106393,0.03771122177495424,1.0000046895055537,1.0003712587680653,1.004578909070925,1.0003187846284685,0.9938676947408204
8.944271909999157E-7,0.16,0.9530255108269856,0.9840900529360419,0.9839167298716649,-1.7921506353935688,-1.8153648370334323,0.049190935228219046,1.0000079317729218,1.0005122553939327,1.0093487332816766,1.0007306329784493,0.9920375001442561
1.0062305898749053E-6,0.18000000000000002,0.9406730217035296,0.9798198411374303,0.9795895312336858,-2.0257625983035012,-2.0533394302392636,0.062163962538649906,1.0000125781153417,1.0006801700622239,1.014732498750029,1.001196944712114,0.989978212282086
1.1180339887498948E-6,0.2,0.9269249789615294,0.9750230032570696,0.9747252843018299,-2.2629241926954604,-2.295445009025642,0.07661595750485375,1.0000189545401854,1.000878081791467,1.0207280739409732,1.0017181021813217,0.9876872587822743
1.2298373876248842E-6,0.22,0.911801119841056,0.9696910199655471,0.9693140540211346,-2.504128429947047,-2.5422849449646305,0.09253069075886411,1.0000274191271306,1.0011094392468998,1.0273364677233596,1.002294798872922,0.9849424289691441
1.3416407864998737E-6,0.24,0.8953235170768218,0.9638142225479941,0.9633444917832374,-2.749903799752948,-2.7945162130021197,0.10988997628642462,1.0000383712956735,1.0013780623705317,1.0345629442259852,1.0029280986614486,0.9815144075560652
1.4534441853748631E-6,0.26,0.8775165026475141,0.9573816463992674,0.956803696626522,-3.000852739438339,-3.0528640832097045,0.12867377846064212,1.0000522669068828,1.0016881673849136,1.0424181229503569,1.0036194834309653,0.977542514151312
1.5652475842498526E-6,0.27999999999999997,0.8584132683134045,0.9503833239098817,0.9496798990076573,-3.257508855366227,-3.317976960318317,0.14885635668538202,1.0000696519285492,1.0020473591931838,1.0509213610757444,1.0043709775718759,0.9729494252773088
1.677050983124842E-6,0.3,0.8380418822992005,0.9428050669001532,0.9419562711319923,-3.520546904324032,-3.5907460550131973,0.17041364823878144,1.0000911713558769,1.0024595020114861,1.060098336651041,1.0051851559800966,0.9676222351032845
1.7888543819998315E-6,0.32,0.8164327085524035,0.934630892675945,0.933613539735389,-3.790767219175844,-3.872291748542252,0.19331962970922975,1.0001176306086283,1.0029287719009221,1.0699865525929968,1.0060653122119367,0.9614137259921848
1.900657780874821E-6,0.33999999999999997,0.7936200608780332,0.9258434229355991,0.9246304963616999,-4.068979306503128,-4.163678806412781,0.21754530598750388,1.000150070550322,1.003460359702956,1.0806394021659862,1.0070156245676485,0.9541279605828892
2.0124611797498106E-6,0.36000000000000004,0.7696420315171273,0.9164235880863316,0.9149835667994515,-4.356086304631993,-4.4662017557203635,0.243058570533761,1.0001898754423755,1.0040601514916367,1.092131130861159,1.0080414128057162,0.9454979415070729
2.1242645786248E-6,0.38,0.7445402452154071,0.9063502509392185,0.9046462824608091,-4.6530884204429555,-4.781287821761659,0.2698242479877755,1.0002389416988482,1.0047345144972195,1.1045642164047238,1.0091495349620616,0.9351423877251872
2.2360679774997895E-6,0.4,0.7183598340624034,0.8955998534040085,0.8935887105392836,-4.961136726645071,-5.110619815730178,0.2978039923218418,1.00029996100817,1.0054901699612897,1.1180807185980202,1.010349038244157,0.9224936712698794
2.347871376374779E-6,0.42,0.6911496045165639,0.8841460708935219,0.8817768692426512,-5.281494840352477,-5.456141481844458,0.3269560632476391,1.0003769335150494,1.0063341499294347,1.1328807786490924,1.0116522966448636,0.9066585695698798
2.4596747752497684E-6,0.44,0.6629622906022864,0.8719594232629762,0.8691720523912398,-5.61562472141606,-5.820130165829393,0.357235094345241,1.0004761976817023,1.0072738508892651,1.1492549192853683,1.013077136527378,0.8861297737645378
2.571478174124758E-6,0.46,0.6338548101260798,0.8590067901677301,0.8557299951955133,-5.96517463891331,-6.205281966983741,0.3885919147793968,1.0006087887092254,1.0083171867644711,1.1676463443313612,1.0146512159059808,0.8581258039245658
2.6832815729997473E-6,0.48,0.6038895608928807,0.8452512870949532,0.8414006870796642,-6.332056002406939,-6.614754275472746,0.4209725353445343,1.000796218138734,1.009473100430949,1.1887477339123877,1.0164178984521677,0.8173918845901106
2.795084971874737E-6,0.5,0.5731319999373117,0.8306502863068395,0.8261255610036164,-6.718503964706465,-7.052422680163211,0.4543213474340557,1.001091820170512,1.0107529419053978,1.213881789774758,1.0184543271220414,0.7510612789167664
2.9068883707497262E-6,0.52,0.5416484724427558,0.8151530807300481,0.8098360506409952,-7.127507913096209,-7.523052938854374,0.4885868589430437,1.0016877797789203,1.0121775170989165,1.2461576075747927,1.0207881788608684,0.6221498038285701
3.0186917696247157E-6,0.54,0.5094901995043809,0.7986906704812132,0.7924523221426395,-7.568762661112243,-8.032472208959803,0.5237426359909323,1.0036278177428302,1.013804769315725,1.2917012209323329,1.019850697247249,0.3642869191433565
3.1006202719200035E-6,0.5546558160341609,0.4854394645918563,0.7859200348304328,0.7789646963823044,-7.928052811206685,-8.43460346863292,0.5501232335027814,1.0087365567531235,1.0152082951852204,1.326774963651091,1.0013487653022863,0.10271682387216632
