% Model,wave_bubble3d_alpha_coarse_solved.mph
% Version,COMSOL 6.4.0.429
% Date,"Oct 8 2026, 20:53"
% Table,Table - 
% Time (s),t/tau (1),c.r (1),c.U (m/s),c.pg (Pa),c.pB (N/m^2),DP*c.pdet (Pa),c.id(c.pAc)/c.id(1) (J/m^3),c.En (J),c.Egas (J),c.Epot (N*m),c.Ea (J),E0*c.ediss (J),E0*c.erout (J),(c.En+c.Egas+c.Epot+c.Ea+E0*(c.ediss+c.erout)-c.Einitial)/c.Einitial (1),abs(c.U)/cL (1),c.is(1)/(4*pi*(bs*a)^2) (1),c.id(1)/(pi*adet^2*hdet) (1)
0,0,1,-1.8575999997520747E-7,10000,7120.0000148608,-4.7041923018472955E-24,-2.246086815328722E-17,1.355077987228498E-23,1.3089969389957472E-8,5.462182427041452E-8,2.0553152222674103E-34,1.6260935847248626E-33,3.0036380501793817E-57,3.909183049331656E-16,1.255135134967618E-10,0.9999720597927657,0.9999969069994213
5.0E-8,0.01,0.9999244712431431,-0.1424290555192919,10003.172830826808,7134.350476682299,-4.911720359888434E-5,-6.202642522956511E-4,7.965104281384215E-12,1.3091155891472088E-8,5.460961946594076E-8,3.0449911244557844E-12,8.868955315266571E-16,3.899435807459074E-33,-1.0811495859159628E-7,9.623584832384587E-5,0.9999720597927657,0.9999969069994213
1.0E-7,0.02,0.9997293877272075,-0.24576277404339664,10011.373716757247,7150.260486326715,-0.0066813534861014864,-0.07467149198076027,2.3705928610044916E-11,1.3094221423304584E-8,5.457810404063106E-8,1.5746251808058515E-11,5.758308245170286E-15,2.0562447960838343E-30,-1.514907439495107E-7,1.6605592840770043E-4,0.9999720597927657,0.9999969069994213
1.5E-7,0.030000000000000002,0.9994357773487984,-0.34100402769961197,10023.732155442278,7169.401999930499,-0.3005020015425844,-2.993402015915772,4.5612990729617967E-11,1.3098837682594685E-8,5.4530694617015336E-8,3.6616875272239574E-11,1.6662274817777166E-14,5.769376774174661E-28,-2.1905320306497954E-7,2.3040812682406214E-4,0.9999720597927657,0.9999969069994213
2.0E-7,0.04,0.9990479705417186,-0.4345861974691958,10040.084406838914,7192.1399756424025,-6.634419686174037,-58.46687971878511,7.402595754203857E-11,1.3104939510415658E-8,5.4468117328672324E-8,6.465731640633247E-11,3.561895381496273E-14,1.0154364127658075E-25,-2.647748768568713E-7,2.936393226143215E-4,0.9999720597927657,0.9999969069994213
2.5E-7,0.05,0.998566741444757,-0.527893452880219,10060.421847420588,7218.580229839963,-80.85541131315814,-611.0619176357632,1.0912034729306104E-10,1.3112518511590688E-8,5.4390531804179486E-8,9.95375938471306E-11,6.475612248843018E-14,1.3426367000520442E-23,-3.0492973247408836E-7,3.5668476545960744E-4,0.9999720597927657,0.9999969069994213
3.0E-7,0.060000000000000005,0.997992216636256,-0.621205465075752,10084.768940889837,7248.771309231436,-550.0759251004815,-3327.9166147696856,1.5093257416048647E-10,1.3121577380806481E-8,5.4298001312223224E-8,1.4115233954470222E-10,1.0623292536225711E-13,1.314631344834077E-21,-3.5179559013462694E-7,4.197334223484811E-4,0.9999720597927657,0.9999969069994213
3.5E-7,0.07,0.9973242525473123,-0.7147064404497249,10113.16756834562,7282.770656253973,-2040.6996324278475,-8671.39045872968,1.9951930715907399E-10,1.3132123996165558E-8,5.4190553869893604E-8,1.8940499146398265E-10,1.622376583523409E-13,9.584285397272753E-20,-4.3209511931543167E-7,4.829097570606249E-4,0.9999720597927657,0.9999969069994213
4.0E-7,0.08,0.9965626399758897,-0.8085921699955662,10145.668590275318,7320.6453418937945,-4150.096506153458,-10062.342631346954,2.5498992499066443E-10,1.3144168222423837E-8,5.4068215334998054E-8,2.4415114457747853E-10,2.3497301089679016E-13,5.563060529620079E-18,-5.029376146283854E-7,5.46346060807815E-4,0.9999720597927657,0.9999969069994213
4.5E-7,0.09000000000000001,0.9957070456552546,-0.9025659136068807,10182.334573217471,7362.434142500225,-5464.157006037732,-8437.808409861695,3.1715597530007567E-10,1.3157722862051642E-8,5.3931000147154294E-8,3.0554905548459045E-10,3.266725056689588E-13,2.3181798333281175E-16,-5.717771694452601E-7,6.098418335181627E-4,0.9999720597927657,0.9999969069994213
5.0E-7,0.1,0.9947574421640306,-0.996748594335938,10223.221554412421,7408.203547247439,-6482.192091837536,-9823.560080049005,3.8605893374257744E-10,1.317279686278351E-8,5.3778980303594987E-8,3.734695253855731E-10,4.395103232716477E-13,7.304479536895246E-15,-6.08757504556564E-7,6.734787799567148E-4,0.9999720597927657,0.9999969069994213
5.5E-7,0.11000000000000001,0.9937132950951215,-1.0915418413881661,10268.414195562307,7458.069736578671,-7226.640193072086,-8776.21900822769,4.6200395933931685E-10,1.3189408232043798E-8,5.36121551833517E-8,4.474581911179042E-10,5.757828931312461E-13,1.4649944407072142E-13,-6.765761115231262E-7,7.375282712082204E-4,0.9999720597927657,0.9999969069994213
6.0E-7,0.12000000000000001,0.9925743575826014,-1.1864008379047402,10317.991942831388,7512.068223674813,-7772.1365304560795,-9557.89317928339,5.445339102264466E-10,1.3207571467710279E-8,5.343057895441667E-8,5.265141775482794E-10,7.377276288272373E-13,1.824024126486818E-12,-4.932481209950468E-7,8.016221877734731E-4,0.9999720597927657,0.9999969069994213
6.499999999999999E-7,0.13,0.9913403222850271,-1.2816850378270097,10372.044245486493,7570.31699346489,-8151.728414082403,-9016.054763768621,6.339215097391714E-10,1.322730310241394E-8,5.3234304842757604E-8,6.051354076368415E-10,9.27627805580444E-13,1.0176189311834927E-11,-3.689269722793391E-7,8.660034039371687E-4,0.9999720597927657,0.9999969069994213
7.0E-7,0.14,0.9900107383041007,-1.377581111788883,10430.67461723108,7632.933740398192,-8440.958255875052,-9185.9980895118,7.303494672326018E-10,1.3248623078892299E-8,5.3023372120979364E-8,6.854934854437358E-10,1.147778062844971E-12,2.2788986710668238E-11,-2.768062912988513E-7,9.30798048506002E-4,0.9999720597927657,0.9999969069994213
7.5E-7,0.15000000000000002,0.9885851239193816,-1.4736734427570186,10493.996183152558,7699.996903021081,-8630.561673386763,-9298.033995790272,8.333624921341176E-10,1.3271553001479473E-8,5.279782427978627E-8,7.741938754228108E-10,1.40051493269643E-12,3.3435931500846875E-11,-3.480208468222491E-7,9.957252991601476E-4,0.9999720597927657,0.9999969069994213
8.0E-7,0.16,0.9870630755157277,-1.5704997300382486,10562.127240544785,7771.6672487577125,-8784.052651431566,-9015.264698198494,9.435235367854828E-10,1.3296114422252214E-8,5.2557726335028535E-8,8.669296691408875E-10,1.6881617999961565E-12,4.57861866062783E-11,-3.7436253298752125E-7,0.00106114846624206,0.9999720597927657,0.9999969069994213
8.499999999999999E-7,0.16999999999999998,0.9854440448400745,-1.6676204796247873,10635.201648174725,7848.041508528486,-8865.02529746069,-9100.503654780063,1.06029383939534E-9,1.332233247380287E-8,5.2303129739545796E-8,9.654768299316346E-10,2.0131060433516205E-12,5.852235159902337E-11,-3.739386096455617E-7,0.0011267705943410725,0.9999720597927657,0.9999969069994213
9.0E-7,0.18000000000000002,0.9837275523851484,-1.765429205259388,10713.359823556608,7929.290538378175,-8923.25949786202,-9220.966770631077,1.1841184739561998E-9,1.3350232480969784E-8,5.203410621147297E-8,1.0687710183718776E-9,2.377723349681617E-12,7.215992189088123E-11,-4.1101201263231265E-7,0.0011928575711212081,0.9999720597927657,0.9999969069994213
9.5E-7,0.19000000000000003,0.9819129191024909,-1.863968252729238,10796.761519977152,8015.575442623367,-8999.905366801175,-8998.24563210755,1.315045431238591E-9,1.3379844374956283E-8,5.1750705806251686E-8,1.1770440026003787E-9,2.784487884845291E-12,8.634170785115037E-11,-4.112959876120244E-7,0.0012594380086008365,0.9999720597927657,0.9999969069994213
1.0E-6,0.2,0.9799994742302693,-1.9628843954852824,10885.577163478212,8107.0356234433,-8965.916734033024,-8911.255133973285,1.4525371689928762E-9,1.3411199400811697E-8,5.145298985298177E-8,1.290462733223461E-9,3.2358911132101714E-12,1.0133702948100459E-10,-4.664441194010876E-7,0.0013262732401927583,0.9999720597927657,0.9999969069994213
1.05E-6,0.21,0.9779869750956266,-2.062290664248753,10979.968707440226,8203.840992043375,-9013.21337799262,-9286.816635757454,1.5966704232208827E-9,1.34443232507183E-8,5.11410959763706E-8,1.408975938347822E-9,3.734233105624468E-12,1.16964796175032E-10,-4.2891248569101796E-7,0.0013934396380059142,0.9999720597927657,0.9999969069994213
1.1E-6,0.22000000000000003,0.9758742435698284,-2.163365083960289,11080.15423797559,8306.302165211582,-9002.094460778562,-8651.677215792923,1.7492600335701565E-9,1.3479258561240986E-8,5.081502680522638E-8,1.5306592359802311E-9,4.282288214007735E-12,1.3327488105584427E-10,-4.704510494225171E-7,0.0014617331648380332,0.9999720597927657,0.9999969069994213
1.15E-6,0.23,0.9736600871495242,-2.2648229063183107,11186.366818898536,8414.54305502674,-8957.112390728329,-9121.249544922102,1.908278266785216E-9,1.3516050008431963E-8,5.047479438665996E-8,1.6575132147195104E-9,4.882885994405622E-12,1.5023439292725192E-10,-5.981949597815958E-7,0.001530285747512372,0.9999720597927657,0.9999969069994213
1.2E-6,0.24000000000000002,0.9713449306443107,-2.3655914402933207,11298.775836778601,8528.644856641906,-8988.880156388008,-8867.40992065007,2.071712900743492E-9,1.355471708575603E-8,5.0120669485943874E-8,1.7912353469527705E-9,5.537992198389814E-12,1.6789042127264375E-10,-4.4936787432869476E-7,0.0015983725947927843,0.9999720597927657,0.9999969069994213
1.2499999999999999E-6,0.25,0.9689277375630165,-2.4692324791449622,11417.63532308192,8649.150845162903,-8923.530090215962,-8776.25978438909,2.2456761009329125E-9,1.3595305297339772E-8,4.975270829316868E-8,1.9256954611721684E-9,6.250375860516605E-12,1.8612328724214535E-10,-5.146024630212381E-7,0.0016684003237465962,0.9999720597927657,0.9999969069994213
1.2999999999999998E-6,0.26,0.9664062297061186,-2.573532984239173,11543.278461466158,8776.20465848161,-8895.809734049006,-8793.571073986355,2.4263218490190305E-9,1.3637883177606304E-8,4.9370791039781004E-8,2.0647130277799073E-9,7.02359229774537E-12,2.0501272449547942E-10,-7.125699957608548E-7,0.0017388736379994412,0.9999720597927657,0.9999969069994213
1.35E-6,0.27,0.9637809216450707,-2.6773600958312227,11675.917959994313,8909.925053864517,-8883.238342090666,-8920.071742219227,2.6113195333290424E-9,1.3682474295225026E-8,4.897523345431456E-8,2.210358978463835E-9,7.85954207947087E-12,2.245165440956553E-10,-4.6244328633700096E-7,0.0018090270917778533,0.9999720597927657,0.9999969069994213
1.4E-6,0.28,0.9610504235416921,-2.7837836084260417,11815.879881006798,9050.887278919216,-8830.613038028725,-8433.494850719497,2.8064921123147305E-9,1.372913645870493E-8,4.8566073721751943E-8,2.3566811342302435E-9,8.761310597796033E-12,2.4459994195124654E-10,-7.23372081004568E-7,0.0018809348705581363,0.9999720597927657,0.9999969069994213
1.4499999999999999E-6,0.29,0.9582134122005217,-2.8902960600455003,11963.508685349265,9199.222273292593,-8774.81351324114,-8900.527531468366,3.0068381072143597E-9,1.3777928811066762E-8,4.814337328029387E-8,2.508602910777087E-9,9.731981625019897E-12,2.652775707032935E-10,-6.054881932027749E-7,0.0019529027432739867,0.9999720597927657,0.9999969069994213
1.5E-6,0.30000000000000004,0.9552691713670529,-2.9983925515472603,12119.139880794624,9355.386296976963,-8774.513515682504,-8530.11196618213,3.215278257923876E-9,1.382890254825871E-8,4.770729657858362E-8,2.6629956842594042E-9,1.0774261587449974E-11,2.864979140833002E-10,-7.150257437706084E-7,0.0020259409132076084,0.9999720597927657,0.9999969069994213
1.55E-6,0.31,0.9522163108434382,-3.10742938713725,12283.168547198524,9519.714887495702,-8689.447469751793,-8459.906219629474,3.430369525161903E-9,1.3882123103983711E-8,4.725792055482252E-8,2.8211590688727183E-9,1.1891346007521891E-11,3.082825408148991E-10,-7.018084463998535E-7,0.0020996144507684123,0.9999720597927657,0.9999969069994213
1.6E-6,0.32,0.9490537691427312,-3.2178397688007236,12455.99895451297,9692.643595980566,-8629.274197954599,-8514.113632271952,3.652932666938211E-9,1.3937653036762304E-8,4.679538408454996E-8,2.9820754891692766E-9,1.3086228543766486E-11,3.3061047481715406E-10,-7.63228804340201E-7,0.002174216060000489,0.9999720597927657,0.9999969069994213
1.6499999999999999E-6,0.33,0.9457801933840471,-3.3294593490633115,12638.079940060214,9874.601416870599,-8615.841742607749,-8534.62746653785,3.882479174678528E-9,1.3995562992336739E-8,4.631979682157819E-8,3.1461664673370726E-9,1.4362150589397162E-11,3.5337385346168467E-10,-7.709202126828078E-7,0.0022496346953130484,0.9999720597927657,0.9999969069994213
1.6999999999999998E-6,0.33999999999999997,0.942394287327601,-3.4425254903714424,12829.88878622966,10066.079629282956,-8533.562225532753,-8197.195313459099,4.119418713328341E-9,1.4055925842558788E-8,4.5831290859428244E-8,3.3127302135558984E-9,1.5722342499343652E-11,3.766489718294671E-10,-8.376261924654297E-7,0.002326030736737461,0.9999720597927657,0.9999969069994213
1.75E-6,0.35000000000000003,0.9388946660918506,-3.556898316274571,13031.941997998181,10267.576379114023,-8476.074613044966,-8381.660663088376,4.363268095718908E-9,1.4118819458179556E-8,4.532999991813133E-8,3.481877706286147E-9,1.71701285823224E-11,4.006022790675529E-10,-8.281335220939828E-7,0.002403309673158494,0.9999720597927657,0.9999969069994213
1.8E-6,0.36000000000000004,0.9352798470662077,-3.6729350399533245,13244.799207729127,10479.674731973519,-8423.786547601874,-8220.897247071278,4.6147330620629705E-9,1.4184327144652804E-8,4.48160587265209E-8,3.6531040631297876E-9,1.8708951974401754E-11,4.248009547644792E-10,-8.972922347334723E-7,0.0024817128648333274,0.9999720597927657,0.9999969069994213
1.8499999999999999E-6,0.37,0.9315482647792781,-3.7904090318493533,13469.0660601186,10702.953583850294,-8352.867902595257,-8082.899215352013,4.873074314936728E-9,1.4252537670205257E-8,4.428960586061012E-8,3.826947213614933E-9,2.0342360403806194E-11,4.4922398912148354E-10,-9.193594835266577E-7,0.0025610871836819955,0.9999720597927657,0.9999969069994213
1.9E-6,0.38000000000000006,0.9276983743576411,-3.9096024955028237,13705.391903015387,10938.078871840375,-8290.846343288318,-8166.029095275282,5.138808611803055E-9,1.4323543663912436E-8,4.375079886087845E-8,4.002041411298952E-9,2.2073918757300027E-11,4.744627427412666E-10,-9.518427595459082E-7,0.002641623307772178,0.9999720597927657,0.9999969069994213
1.95E-6,0.39,0.923728395895211,-4.030552967419758,13954.489848437885,11185.758504926656,-8213.090114856162,-7878.961132985847,5.411827140068426E-9,1.4397446648074528E-8,4.319977901689103E-8,4.1787882257815745E-9,2.3907437083370986E-11,4.999769927491643E-10,-1.0072059857275173E-6,0.0027233465996079446,0.9999720597927657,0.9999969069994213
2.0E-6,0.4,0.9196366116805714,-4.153256557702988,14217.12359286894,11446.747290942525,-8151.261606154471,-8019.83216009472,5.691883740780456E-9,1.4474351927583404E-8,4.2636713719911187E-8,4.357319132093347E-9,2.584670702626639E-11,5.256088829948878E-10,-1.0271472470152896E-6,0.002806254430880397,0.9999720597927657,0.9999969069994213
2.05E-6,0.41000000000000003,0.9154211160316029,-4.277973279143776,14494.128604877378,11721.893954370487,-8067.06886750024,-7750.263505150969,5.9794321727331986E-9,1.4554373631355637E-8,4.206176238712621E-8,4.536379191250393E-9,2.7895734099529206E-11,5.518767300834387E-10,-1.0901162055382867E-6,0.0028905224859079566,0.9999720597927657,0.9999969069994213
2.1E-6,0.42,0.9110799438086468,-4.4046142969386946,14786.410448147764,12012.086555473226,-7991.589552244759,-7748.977132998014,6.273950817697788E-9,1.4637632770996363E-8,4.1475095175642743E-8,4.716701810436218E-9,3.00586210259607E-11,5.782781469197984E-10,-1.1270954288779313E-6,0.0029760907411747937,0.9999720597927657,0.9999969069994213
2.1499999999999997E-6,0.43,0.9066110768844788,-4.5333987269053155,15094.951157696896,12318.316097712586,-7909.370651770426,-7685.468165568081,6.575752442657757E-9,1.4724257568777594E-8,4.087689450986974E-8,4.8974486370199E-9,3.233956196364785E-11,6.050218467826775E-10,-1.168087513251528E-6,0.003063107247908997,0.9999720597927657,0.9999969069994213
2.2E-6,0.44000000000000006,0.9020122870952321,-4.664454743874175,15420.828077343005,12641.660147643395,-7827.177465280733,-7491.229658605684,6.884881881720995E-9,1.4814387039249969E-8,4.026733500135112E-8,5.0783504906476215E-9,3.4743004328937104E-11,6.320128428355756E-10,-1.2316944103790496E-6,0.0031516586107257936,0.9999720597927657,0.9999969069994213
2.25E-6,0.45000000000000007,0.8972813101674133,-4.797783398892581,15765.211035170221,12983.27709783806,-7732.975950156653,-7492.264756186871,7.200982593935266E-9,1.49081682303894E-8,3.96466078550468E-8,5.259444119361855E-9,3.7273476021559216E-11,6.592303324989513E-10,-1.2856418868275128E-6,0.0032417455397922845,0.9999720597927657,0.9999969069994213
2.3E-6,0.46,0.8924158116748419,-4.93352959151117,16129.37439841076,13344.442083042228,-7647.728117078354,-7332.753996184353,7.524088187613693E-9,1.5005757482278555E-8,3.901491704626313E-8,5.44035139375869E-9,3.9935619075485663E-11,6.866543238577479E-10,-1.3233665782789017E-6,0.00333346594021025,0.9999720597927657,0.9999969069994213
2.35E-6,0.47000000000000003,0.8874132182266253,-5.071991038408227,16514.721259930862,13726.571764173095,-7550.420060788536,-7247.834733709793,7.854678556428797E-9,1.510732454052089E-8,3.8372458570298834E-8,5.620260384084467E-9,4.2734376928480676E-11,7.142420052225928E-10,-1.4063560094748812E-6,0.0034270209718974508,0.9999720597927657,0.9999969069994213
2.4E-6,0.48000000000000004,0.8822708445754288,-5.213076547768995,16922.78758344174,14131.180118090533,-7449.736743483766,-7120.5238407621455,8.192009602934838E-9,1.5213050874262944E-8,3.7719438535763436E-8,5.799552162856105E-9,4.5674862361183856E-11,7.419681068484705E-10,-1.4696899850332222E-6,0.0035223490187628343,0.9999720597927657,0.9999969069994213
2.45E-6,0.49,0.8769860074729183,-5.356965009238142,17355.247465646597,14559.943118288866,-7352.281937816182,-7044.809698306239,8.536123011525585E-9,1.5323128161607757E-8,3.7056088558876117E-8,5.977771459006776E-9,4.876222714264374E-11,7.698168856922621E-10,-1.526418298131117E-6,0.0036195709521879334,0.9999720597927657,0.9999969069994213
2.4999999999999998E-6,0.5,0.8715557209730217,-5.504003816937657,17813.95440782511,15014.730404199407,-7243.687543297443,-6875.509042643539,8.887567896922492E-9,1.5437765560461095E-8,3.638262855513792E-8,6.153993843187424E-9,5.20020143616847E-11,7.97726689894436E-10,-1.6112467419457258E-6,0.0037189214979308494,0.9999720597927657,0.9999969069994213
2.5499999999999997E-6,0.51,0.865976830724482,-5.654144807335918,18300.950869341767,15497.56360852773,-7132.950612263682,-6787.052837917957,9.245586903542784E-9,1.5557188140484933E-8,3.5699285759945495E-8,6.328532258156797E-9,5.540001188334328E-11,8.256844692836091E-10,-1.7148722364015563E-6,0.0038203681130648095,0.9999720597927657,0.9999969069994213
2.5999999999999997E-6,0.52,0.8602461953559292,-5.807570669401346,18818.474105717665,16010.679826024843,-7023.17685192253,-6671.9566818264,9.610107025219017E-9,1.56816341764666E-8,3.5006318244550493E-8,6.5009910291832995E-9,5.896203242843292E-11,8.536613522859337E-10,-1.7692669435231557E-6,0.003924034236081991,0.9999720597927657,0.9999969069994213
2.65E-6,0.53,0.854360290915342,-5.964676207424663,19369.01650398909,16556.58955840657,-6902.949196563987,-6489.521085981643,9.981707855836373E-9,1.5811365026056503E-8,3.4303968340949314E-8,6.670334388175359E-9,6.269440432121694E-11,8.815948377753315E-10,-1.9022868974442012E-6,0.004030186626638286,0.9999720597927657,0.9999969069994213
2.7E-6,0.54,0.8483155035268987,-6.125360761627563,19955.32948215083,17138.015488555982,-6779.1630759735335,-6405.515437327573,1.0359265477171925E-8,1.5946660417541425E-8,3.359250035995247E-8,6.837143463844438E-9,6.660360821746392E-11,9.094890326499019E-10,-1.9391155849856863E-6,0.004138757271369975,0.9999720597927657,0.9999969069994213
2.75E-6,0.55,0.8421080287135395,-6.2900980860668305,20580.46611128448,17758.03469860029,-6657.0484136292125,-6251.532010606059,1.0743509884072435E-8,1.6087822331879898E-8,3.28721901937055E-8,7.00017475572744E-9,7.069639835553576E-11,9.372619020071218E-10,-2.0409239895214283E-6,0.00425006627436948,0.9999720597927657,0.9999969069994213
2.8E-6,0.56,0.8357337662383899,-6.4589386011761025,21247.83145151234,18420.035079776662,-6523.864111802062,-6078.69933239524,1.1133670090078069E-8,1.623517939124698E-8,3.21433154374042E-8,7.159595518958663E-9,7.497995590757405E-11,9.649104067010642E-10,-2.109825596364518E-6,0.004364147703497367,0.9999720597927657,0.9999969069994213
2.85E-6,0.5700000000000001,0.8291884703588521,-6.632220300896845,21961.213305411933,19127.81359001131,-6385.470561724183,-5958.767792994899,1.1529873106991465E-8,1.6389085666699096E-8,3.1406175192434454E-8,7.314655142163413E-9,7.946168881975121E-11,9.923939920035108E-10,-2.198601635642938E-6,0.004481229933038409,0.9999720597927657,0.9999969069994213
2.8999999999999998E-6,0.58,0.82246756420611,-6.810172765723576,22724.85525178333,19885.611152234967,-6249.562840152119,-5799.143650446111,1.1931783444179274E-8,1.654992749377367E-8,3.0661071417848015E-8,7.46506727598703E-9,8.414948223012726E-11,1.0196392192877944E-9,-2.2939440483330257E-6,0.004601468084948362,0.9999720597927657,0.9999969069994213
2.9499999999999997E-6,0.59,0.8155662539430044,-6.993079916274547,23543.507299103683,20698.179166068636,-6099.976646185408,-5606.849009733874,1.2339153966363663E-8,1.6718123688096794E-8,2.990832472869465E-8,7.61034696060581E-9,8.905154556461743E-11,1.0466312912832478E-9,-2.384810008407668E-6,0.004725053997482802,0.9999720597927657,0.9999969069994213
3.0E-6,0.6000000000000001,0.8084794186127652,-7.181248249453131,24422.512014900294,21570.86225491054,-5948.984716479938,-5476.081626260002,1.275170391584125E-8,1.6894131436583953E-8,2.9148265175345692E-8,7.749997601864153E-9,9.417656639462599E-11,1.0733499868224233E-9,-2.4955404479421373E-6,0.004852194763144008,0.9999720597927657,0.9999969069994213
3.05E-6,0.6100000000000001,0.8012016427067381,-7.375016918573158,25367.887880622937,22509.68274916847,-5792.830097969719,-5276.255458717952,1.316914440531156E-8,1.707844925748293E-8,2.8381239197508523E-8,7.88354880560383E-9,9.953366545716925E-11,1.0997020281217026E-9,-2.6036954086174997E-6,0.004983119539576458,0.9999720597927657,0.9999969069994213
3.1E-6,0.62,0.7937271404447863,-7.574731524410878,26386.441884150725,23521.450425281346,-5629.527057877474,-5096.158707968926,1.3591069186743223E-8,1.727162317453998E-8,2.760760517584301E-8,8.010522471404032E-9,1.0513250612247115E-10,1.1256559085260082E-9,-2.73567104422375E-6,0.005118061840818161,0.9999720597927657,0.9999969069994213
3.15E-6,0.63,0.7860497928005572,-7.780771148886206,27485.887099042808,24613.88289680787,-5458.2165364073,-4918.717464015691,1.4017036869271245E-8,1.7474250689780564E-8,2.6827741257863118E-8,8.130374412224222E-9,1.1098323818874638E-10,1.1512132855455472E-9,-2.863718239363131E-6,0.005257277803301491,0.9999720597927657,0.9999969069994213
3.2E-6,0.64,0.7781630347606691,-7.993595684788696,28675.004476751925,25795.771918620976,-5285.905239960654,-4704.988959973253,1.4446721189430649E-8,1.7686989381591864E-8,2.604203804958895E-8,8.242480559788517E-9,1.1709666806700306E-10,1.1762643100951163E-9,-3.0054115964226006E-6,0.005401078165397768,0.9999720597927657,0.9999969069994213
3.25E-6,0.65,0.770059895813352,-8.213596501442764,29963.812711874925,27077.138192178383,-5098.79648030577,-4512.80504147921,1.48793546404834E-8,1.7910562416569116E-8,2.52509075174083E-8,8.34649356048743E-9,1.2348418821722193E-10,1.2007818436978046E-9,-3.0938998568907424E-6,0.005549727365839705,0.9999720597927657,0.9999969069994213
3.2999999999999997E-6,0.66,0.7617329118225472,-8.441349180652606,31363.792687370355,28469.48153010032,-4912.6522809534845,-4291.690562978293,1.531461585541886E-8,1.814576852622117E-8,2.445477931701523E-8,8.441507637239252E-9,1.301579020699006E-10,1.2247468003722182E-9,-3.213945807702801E-6,0.005703614311251761,0.9999720597927657,0.9999969069994213
3.3499999999999997E-6,0.67,0.753174096921821,-8.677323861445917,32888.14839345782,29986.011822354776,-4711.690368004835,-4070.393558558002,1.575155528282857E-8,1.8393491692555336E-8,2.3654103823770985E-8,8.52723109600835E-9,1.371306701095583E-10,1.2480564589886454E-9,-3.3175330085833167E-6,0.005863056663139133,0.9999720597927657,0.9999969069994213
3.3999999999999996E-6,0.6799999999999999,0.7443749131196198,-8.922169260174964,34552.1233787492,31641.995134223187,-4507.742257709423,-3837.965523510237,1.6189594457746912E-8,1.8654712370520972E-8,2.284935538903473E-8,8.602781456710968E-9,1.444161420517614E-10,1.270700847610866E-9,-3.4410061110513107E-6,0.0060284927433614625,0.9999720597927657,0.9999969069994213
3.45E-6,0.6900000000000001,0.7353261743282982,-9.176513345668978,36373.399632398425,33455.13151239482,-4292.419562517851,-3599.5805973696706,1.6627765560976663E-8,1.893052248661529E-8,2.20410302687976E-8,8.667602014376443E-9,1.520288970208348E-10,1.2926030987579426E-9,-3.5641328364460357E-6,0.006200346855181742,0.9999720597927657,0.9999969069994213
3.5E-6,0.7000000000000001,0.7260180279703743,-9.441075607949811,38372.571085154814,35446.040517720045,-4068.707998626564,-3331.5314688432086,1.7065080221035365E-8,1.9222140400866588E-8,2.1229652543110363E-8,8.720969569405479E-9,1.5998445360377754E-10,1.313715494649967E-9,-3.70655814718053E-6,0.006379105140506629,0.9999720597927657,0.9999969069994213
3.55E-6,0.7100000000000001,0.7164398724190987,-9.716637882536437,40573.7415915201,37638.85612472257,-3835.2969139470006,-3090.9452946008223,1.7500376122795404E-8,1.9530930451723563E-8,2.0415774975255756E-8,8.762170829429482E-9,1.682993831847488E-10,1.333983179739551E-9,-3.820874171109772E-6,0.006565295866578674,0.9999720597927657,0.9999969069994213
3.6E-6,0.7200000000000001,0.7065802611592678,-10.004093266161624,43005.27172748951,40061.97900757259,-3592.204754250717,-2783.4848334292333,1.7932437949588886E-8,1.985842631936646E-8,1.9599979950440983E-8,8.79035115066192E-9,1.769914365414052E-10,1.3533415598145775E-9,-3.917987449584981E-6,0.006759522477136232,0.9999720597927657,0.9999969069994213
3.6499999999999998E-6,0.73,0.6964268506243677,-10.30436200532305,45700.70196757603,42748.99061737291,-3335.8307340777505,-2517.9348930228402,1.8359634372244857E-8,2.0206357045039197E-8,1.878288524162345E-8,8.804828513292576E-9,1.8607958591054858E-10,1.3717382517707519E-9,-3.997095276627124E-6,0.006962406760353412,0.9999720597927657,0.9999969069994213
3.6999999999999997E-6,0.74,0.685966290659442,-10.618527484787737,48699.93118550562,45739.84724425979,-3070.7695064694053,-2196.130714386636,1.8780333767639034E-8,2.0576679907440498E-8,1.796514612916654E-8,8.804667994192133E-9,1.955841688411544E-10,1.389105215657919E-9,-4.08315036051298E-6,0.007174680732964687,0.9999720597927657,0.9999969069994213
3.7499999999999997E-6,0.75,0.6751841082290625,-10.947760709143484,52050.71631070945,49082.3716490952,-2790.2851425377817,-1880.330544468664,1.9192548313820215E-8,2.0971619857021512E-8,1.714745857479917E-8,8.788972618606445E-9,2.0552702328337694E-10,1.405386857203975E-9,-4.141311611044593E-6,0.007397135614286138,0.9999720597927657,0.9999969069994213
3.8E-6,0.7600000000000001,0.6640645957272046,-11.293349078195934,55810.591843603994,52834.17646705487,-2496.6931955740033,-1540.2659901118548,1.959394253335861E-8,2.1393716626032487E-8,1.6330564388886808E-8,8.756848372889534E-9,2.1593159868913567E-10,1.4205080569290235E-9,-4.165944677346438E-6,0.007630641269051307,0.9999720597927657,0.9999969069994213
3.8499999999999996E-6,0.77,0.6525906915393005,-11.656737211703303,60049.3520939599,57065.152275739754,-2189.93995425117,-1186.3381533882477,1.998186705403057E-8,2.1845881886921913E-8,1.551525744452152E-8,8.707265323060032E-9,2.268230585041287E-10,1.4344171871626102E-9,-4.160370830265182E-6,0.007876173791691421,0.9999720597927657,0.9999969069994213
3.9E-6,0.78,0.640743794390987,-12.039534081758397,64852.31497680063,61860.73348941184,-1864.1948989897742,-801.4163434276102,2.0353251414154878E-8,2.2331471463214636E-8,1.4702387102578245E-8,8.639144035445531E-9,2.3822848624017177E-10,1.447030851637753E-9,-4.139708691972555E-6,0.00813482032551243,0.9999720597927657,0.9999969069994213
3.9499999999999995E-6,0.7899999999999999,0.6285036381354157,-12.443488222350632,70324.59778181976,67326.17290745823,-1523.5934294467206,-410.4080945116666,2.070437932005676E-8,2.2854371142985756E-8,1.389286817401262E-8,8.55142809693403E-9,2.5017693650671704E-10,1.4582938939896223E-9,-4.0775154748612135E-6,0.008407762312399076,0.9999720597927657,0.9999969069994213
4.0E-6,0.8,0.6158480819814444,-12.870583829191832,76596.84977869561,73592.28851139202,-1162.4276784413737,18.77777636382088,2.103104822889723E-8,2.341910636955193E-8,1.3087687273759201E-8,8.442857791434283E-9,2.6269960310265636E-10,1.4681240862597446E-9,-3.992027862841695E-6,0.008696340425129616,0.9999720597927657,0.9999969069994213
4.05E-6,0.81,0.6027529268420873,-13.32296377750454,83832.96428466275,80823.16903189757,-781.3698623524909,469.13401330346625,2.1328129657314378E-8,2.4030977538250585E-8,1.228791358429754E-8,8.31222556070978E-9,2.758298769420419E-10,1.476455437256559E-9,-3.869423433425774E-6,0.009002002552367933,0.9999720597927657,0.9999969069994213
4.1E-6,0.8200000000000001,0.5891917115390249,-13.80300885678564,92240.60847404212,89226.71799208218,-376.08177841477027,948.7439618471976,2.1589635382331342E-8,2.4696230870566618E-8,1.1494710797387585E-8,8.15815202041049E-9,2.8960336823537915E-10,1.4832141689712515E-9,-3.6485884653824126E-6,0.009326357335665973,0.9999720597927657,0.9999969069994213
4.15E-6,0.8300000000000001,0.5751354975628192,-14.313284406276459,102085.78493949756,99069.21361873957,52.10974996275312,1461.110668329583,2.1808338230715854E-8,2.5422275632643518E-8,1.07093508824636E-8,7.979229397527635E-9,3.040578404061663E-10,1.4883204971722362E-9,-3.266483296749392E-6,0.00967113811234896,0.9999720597927657,0.9999969069994213
4.2E-6,0.84,0.5605526980388942,-14.856525310027298,113713.21057615649,110695.69236401428,511.0143410118382,2017.3808318130016,2.197553676667992E-8,2.621795986414388E-8,9.933232512029352E-9,7.77393990421346E-9,3.1923291536507653E-10,1.4917031709464782E-9,-2.7842563845855733E-6,0.010038192777045471,0.9999720597927657,0.9999969069994213
4.25E-6,0.8500000000000001,0.5454089300426044,-15.435567364321583,127575.2927082677,124558.92366802158,998.4239808583142,2603.163155089088,2.20806945923127E-8,2.7093925836185572E-8,9.167901906225604E-9,7.540666406470773E-9,3.351695678723927E-10,1.4932861676631776E-9,-2.203215033977131E-6,0.010429437408325394,0.9999720597927657,0.9999969069994213
4.2999999999999995E-6,0.86,0.5296669990729372,-16.0531813517388,144273.89503865558,141261.16157658622,1522.1681242179327,3248.0309777012917,2.2110907082650354E-8,2.806306698698635E-8,8.415080156381117E-9,7.277738805196122E-9,3.519090955918952E-10,1.4929880402638867E-9,-1.5284383512714539E-6,0.01084674415658027,0.9999720597927657,0.9999969069994213
4.35E-6,0.87,0.5132870667300279,-16.711830327988274,164621.53605409505,161615.31658398214,2083.9686480002915,3940.2350086691963,2.2050376287146333E-8,2.914112039578999E-8,7.676695964173126E-9,6.98334469295027E-9,3.6949142142129626E-10,1.4907367642677877E-9,-4.155055073312616E-7,0.011291777248640725,0.9999720597927657,0.9999969069994213
4.4E-6,0.8800000000000001,0.4962272456593454,-17.413072535005433,189732.38049463782,186735.86184273707,2690.209775993593,4693.349563964807,2.1879365997369775E-8,3.0347428999948306E-8,6.954929181175529E-9,6.655722009252127E-9,3.879520462654784E-10,1.4864571871713733E-9,9.12113049476731E-7,0.011765589550679348,0.9999720597927657,0.9999969069994213
4.45E-6,0.89,0.4784448816014969,-18.15673123691588,221159.68666522787,218176.14236171564,3345.9174761190534,5521.793595656777,2.157340236985663E-8,3.1705918252396866E-8,6.25226530684113E-9,6.292989900350078E-9,4.073171543983497E-10,1.480075096944475E-9,2.5759237217922754E-6,0.012268061646564785,0.9999720597927657,0.9999969069994213
4.5E-6,0.9000000000000001,0.4598991151551812,-18.939115719458833,261106.20294899668,258138.4417651493,4059.409262276646,6426.980181459842,2.110163823825744E-8,3.324631705181633E-8,5.571566568505622E-9,5.893469654087869E-9,4.2759540762818085E-10,1.4715236728618622E-9,4.680614235435484E-6,0.012796699810445157,0.9999720597927657,0.9999969069994213
4.55E-6,0.91,0.44055577428012244,-19.750064673550003,312749.2155934793,309798.4091303471,4837.807747777051,7432.492089513284,2.0425348253744817E-8,3.500560223086819E-8,4.9161664641945096E-9,5.455634754857603E-9,4.487643325692147E-10,1.4607420868089097E-9,6.859405816242304E-6,0.013344638292939191,0.9999720597927657,0.9999969069994213
4.6E-6,0.92,0.42039640254113736,-20.567409085393837,380743.2720719645,377806.50271403056,5693.492845228922,8548.350403169294,1.9495938460667456E-8,3.702949947840324E-8,4.289993770067964E-9,4.9785727640199005E-9,4.707480298651148E-10,1.447675472328924E-9,9.367865571372415E-6,0.013896898030671512,0.9999720597927657,0.9999969069994213
4.6499999999999995E-6,0.9299999999999999,0.3994349355927154,-21.346915624875194,471983.2689778005,469048.50627791166,6637.756356917958,9802.934378712574,1.8253309853942705E-8,3.937344134431159E-8,3.6977402783940306E-9,4.462385632752269E-9,4.933802854461199E-10,1.4322876507921773E-9,1.1096815285692085E-5,0.014423591638429186,0.9999720597927657,0.9999969069994213
4.7E-6,0.9400000000000001,0.3777482306315287,-22.004017338997475,596691.3706202903,593727.2836383121,7687.881529627859,11214.520461094387,1.6626062760901124E-8,4.210131922289398E-8,3.145083558604984E-9,3.9091619021900615E-9,5.163451512614581E-10,1.4145568750964662E-9,1.0866800838122885E-5,0.014867579283106402,0.9999720597927657,0.9999969069994213
4.749999999999999E-6,0.95,0.355531639796766,-22.381103450229983,769681.9911427988,766617.5332942528,8863.660358931369,12832.290066533615,1.4537280313142136E-8,4.527773818609676E-8,2.6389783840909186E-9,3.324588938708876E-9,5.390846638141467E-10,1.3944926335270416E-9,5.4563464931528096E-6,0.01512236719610134,0.9999720597927657,0.9999969069994213
4.8E-6,0.9600000000000001,0.3331979820060262,-22.192854804024535,1010764.726678899,1007449.6657381696,10190.571902670683,14682.657543153997,1.1925520252797214E-8,4.894358712071594E-8,2.1880167059648158E-9,2.7208256640951778E-9,5.606704111613713E-10,1.372140357850212E-9,-1.5258018306558531E-5,0.014995172164881443,0.9999720597927657,0.9999969069994213
4.85E-6,0.9700000000000001,0.31154051439235386,-20.953933543282126,1340414.0238090593,1336550.3680053025,11701.936680429406,16847.24234598568,8.802889538981491E-9,5.3054373663567566E-8,1.8027623483912963E-9,2.1211406094980283E-9,5.796813917586315E-10,1.347601664350401E-9,-4.939233837678552E-5,0.014158063204920355,0.9999720597927657,0.9999969069994213
4.9E-6,0.98,0.29195881510358923,-17.941333068887612,1760553.8437329086,1755605.5658260523,13439.91247716022,19380.22664893201,5.373192732103897E-9,5.735254839853135E-8,1.4958651818331304E-9,1.567226709113543E-9,5.942554504772412E-10,1.321055740659344E-9,-1.129706841299454E-4,0.012122522343842982,0.9999720597927657,0.9999969069994213
4.95E-6,0.9900000000000001,0.276614801997794,-12.407205870669591,2208631.453261674,2201808.161388951,15459.142291161295,22401.686465419145,2.2050399854066605E-9,6.119108188088246E-8,1.2812917054172281E-9,1.1254525175273997E-9,6.027518711517978E-10,1.2927945888362897E-9,-1.9761861895544326E-4,0.008383247209911886,0.9999720597927657,0.9999969069994213
4.9999999999999996E-6,1,0.2681206535047035,-4.323505226783652,2517751.5334067247,2508300.118348866,17831.168771328186,26023.307939704384,2.450418729063752E-10,6.352465394513193E-8,1.1718366971983404E-9,8.836272772991384E-10,6.053758851961652E-10,1.2632741886468049E-9,-2.655932300867372E-4,0.0029212873153943598,0.9999720597927657,0.9999969069994213
5.05E-6,1.01,0.26836834849191576,4.79827311390111,2508005.975613591,2495844.102324683,20644.242038736644,30402.92297797014,3.0260716718321076E-10,6.345430308976242E-8,1.1749368954506457E-9,9.233451263951311E-10,6.05562926426389E-10,1.2331890080832206E-9,-2.6360913078907173E-4,0.0032420764283115607,0.9999720597927657,0.9999969069994213
5.0999999999999995E-6,1.02,0.2772112280438113,12.605444355523813,2188741.989106937,2174715.01200402,24003.813204594917,35675.63909575395,2.290027448801951E-9,6.1033131143111E-8,1.289222814560817E-9,1.2743939140362367E-9,6.083852492874053E-10,1.2035924201071402E-9,-1.92590828901153E-4,0.008517192132110685,0.9999720597927657,0.9999969069994213
5.15E-6,1.03,0.29257148238415126,17.77764734576358,1745121.3545533197,1730416.5318118734,28012.783761098013,41884.09204661066,5.306974083001486E-9,5.720845779631674E-8,1.5048957464832999E-9,1.8912360215131448E-9,6.169001096187539E-10,1.176077036165366E-9,-1.0711379629941987E-4,0.01201192388227269,0.9999720597927657,0.9999969069994213
5.199999999999999E-6,1.04,0.3118331745020426,20.4843004145019,1335138.357955938,1320647.4557599928,32714.92209683178,48743.49516106054,8.43498797587217E-9,5.299462848249867E-8,1.8076410274131351E-9,2.677635573392822E-9,6.311096689764811E-10,1.1530622239657395E-9,-1.8798362242206692E-4,0.013840743523312094,0.9999720597927657,0.9999969069994213
5.25E-6,1.05,0.33291240047491855,21.52733253328465,1014411.3890792325,1000587.3723225797,37999.48201092938,55459.06040070446,1.1194086600192364E-8,4.8993973648605087E-8,2.182610394853755E-9,3.529921025088041E-9,6.492210413998922E-10,1.1382439969456488E-9,-3.5055862507868136E-4,0.01454549495492206,0.9999720597927657,0.9999969069994213
5.3E-6,1.06,0.35453004058410115,21.621832383464476,778856.10849151,765853.6938496297,43464.24488656567,60501.521255550484,1.3461515556890486E-8,4.543128099770193E-8,2.617538616916313E-9,4.3729632928185705E-9,6.693998773271304E-10,1.1372877665498978E-9,-3.2206431093867026E-4,0.014609346205043564,0.9999720597927657,0.9999969069994213
5.35E-6,1.07,0.37596598002213827,21.207112805456056,608661.8689181256,596489.0414081286,48384.06094687053,62316.35611855128,1.5242764769072985E-8,4.234092800995226E-8,3.1022853889343614E-9,5.156033493044482E-9,6.904844388366286E-10,1.1588224776161186E-9,-3.0238577075439245E-4,0.014329130273956795,0.9999720597927657,0.9999969069994213
5.4E-6,1.08,0.3968518550742767,20.545035469274023,485021.12884676945,473622.4097033368,51914.65241425467,60216.95728093452,1.6608582859157343E-8,3.96811758875377E-8,3.6287688759456694E-9,5.84556494164643E-9,7.116643918190948E-10,1.215632206311661E-9,-3.013433384505643E-4,0.013881780722482447,0.9999720597927657,0.9999969069994213
5.4499999999999995E-6,1.09,0.41701742285754423,19.779068818911927,393869.50734666357,383168.9340350365,53467.42772334018,55017.75378636799,1.763641476458064E-8,3.738983864187228E-8,4.1905408492995444E-9,6.416768248507303E-9,7.324583297148321E-10,1.325227562869001E-9,-3.034222314570414E-4,0.013364235688454004,0.9999720597927657,0.9999969069994213
5.5E-6,1.1,0.43639954934471503,18.98466141312013,325451.26771844935,315371.57602386654,52950.86767683678,48263.384682668155,1.8392648236713434E-8,3.540605004336194E-8,4.7824008570333015E-9,6.849626764831512E-9,7.526018214433006E-10,1.5077602680112216E-9,-3.057911754801891E-4,0.012827473927783871,0.9999720597927657,0.9999969069994213
5.549999999999999E-6,1.1099999999999999,0.4549908533691347,18.200748588743092,273142.19937642437,263612.20585019933,50713.82013548832,41388.809638609935,1.8931169346890078E-8,3.3677157776417834E-8,5.400073915294827E-9,7.132471963131133E-9,7.719597685547088E-10,1.7782749555885373E-9,-3.054997272503495E-4,0.012297803100502089,0.9999720597927657,0.9999969069994213
5.6E-6,1.12,0.47281219806438224,17.44629795617114,232438.2387818342,223395.10526286464,47322.54872798032,35283.97860697883,1.9294117541173656E-8,3.215971742714974E-8,6.0399860437106045E-9,7.273906322228449E-9,7.904745750421794E-10,2.1327616790476405E-9,-3.0762841882758904E-4,0.011788039159575095,0.9999720597927657,0.9999969069994213
5.65E-6,1.1300000000000001,0.48989788800725076,16.730017245062616,200242.66557611895,191631.8887532914,43319.319846741375,30001.60138800503,1.951532011176895E-8,3.081853217996044E-8,6.699103978467181E-9,7.3105871642575795E-9,8.081327054542267E-10,2.5392007947796986E-9,-3.089081613879728E-4,0.01130406570612339,0.9999720597927657,0.9999969069994213
5.7E-6,1.1400000000000001,0.5062877313041042,16.054721232204646,174393.74568572015,166168.42747022695,39075.76578799582,25508.086025795295,1.9621155613526333E-8,2.96252311018347E-8,7.3748200761157144E-9,7.296710764083833E-9,8.249469192742588E-10,2.94793135596215E-9,-3.101059422576073E-4,0.010847784616354491,0.9999720597927657,0.9999969069994213
5.75E-6,1.1500000000000001,0.5220227560212876,15.420259661381131,153357.27120409714,145477.11516595166,34890.21995222875,21860.388050485242,1.963266754255109E-8,2.8556916308673174E-8,8.064865538727349E-9,7.27851677751887E-9,8.409442484807765E-10,3.3168015284071607E-9,-3.113448171126809E-4,0.010419094365798062,0.9999720597927657,0.9999969069994213
5.7999999999999995E-6,1.16,0.5371430498303622,14.824981300934985,136026.07445412493,128456.39910347317,30924.461998023402,18758.978941491183,1.956680584849529E-8,2.7595017774229035E-8,8.767248802975504E-9,7.278886925445433E-9,8.561593285191216E-10,3.6265705117266537E-9,-3.1168084376556577E-4,0.010016879257388504,0.9999720597927657,0.9999969069994213
5.85E-6,1.1700000000000002,0.5516865939403461,14.26644298569891,121588.30134796705,114299.17110078411,27277.631720130674,16220.087397043597,1.9437085212752592E-8,2.6724384659488065E-8,9.480203625285242E-9,7.300607256802376E-9,8.706300822629983E-10,3.8777640187543344E-9,-3.11892565308722E-4,0.009639488503850616,0.9999720597927657,0.9999969069994213
5.899999999999999E-6,1.18,0.5656887946290909,13.741961022743048,109439.52013876224,102404.98645239389,23977.02842578296,14040.434301252933,1.9254552532522512E-8,2.5932568849052862E-8,1.0202151218426086E-8,7.336435312208186E-9,8.843952930269381E-10,4.080528092059892E-9,-3.1253585131210416E-4,0.009285108799150708,0.9999720597927657,0.9999969069994213
5.95E-6,1.1900000000000002,0.5791823677732694,13.248865274484551,99123.26653773291,92320.729994526,21029.077498590515,12175.575669912954,1.9028369999086977E-8,2.520926784151833E-8,1.0931671357343634E-8,7.378902793799944E-9,8.974932055366276E-10,4.244876443000029E-9,-3.1326920968657856E-4,0.008951935996273344,0.9999720597927657,0.9999969069994213
6.0E-6,1.2000000000000002,0.5921973926878086,12.784558629686774,90290.2255639068,83699.91507189088,18409.925929665213,10585.503394110796,1.8766038462244047E-8,2.4545893289216997E-8,1.166747912724465E-8,7.422281700240214E-9,9.099607158640636E-10,4.3789170652922475E-9,-3.1343580080326515E-4,0.008638215290328901,0.9999720597927657,0.9999969069994213
6.05E-6,1.21,0.6047614416079761,12.34661952837281,82669.78474143172,76274.32151218536,16094.900554416856,9170.103243623247,1.8473822509157725E-8,2.393523625805011E-8,1.2408405356562962E-8,7.461478040535812E-9,9.218329028129705E-10,4.489795532054907E-9,-3.1343227007018143E-4,0.008342310492143791,0.9999720597927657,0.9999969069994213
6.1E-6,1.2200000000000002,0.6168997042931006,11.932719062178947,76049.93361983905,69833.98393095344,14049.835750923374,7935.732269055668,1.8156664885773978E-8,2.3371207780440217E-8,1.315337750496711E-8,7.493808232690399E-9,9.3314273936735E-10,4.582383277477732E-9,-3.132281469544716E-4,0.008062648014985775,0.9999720597927657,0.9999969069994213
6.1499999999999996E-6,1.23,0.6286351774598482,11.54080280647076,70262.81491254871,64212.780869137925,12243.02166455919,6850.400891756755,1.7818903302362537E-8,2.2848632643314893E-8,1.390140582142181E-8,7.51723076420463E-9,9.439210220381056E-10,4.660481508309194E-9,-3.1336636609037935E-4,0.007797839734101864,0.9999720597927657,0.9999969069994213
6.2E-6,1.24,0.6399889460319297,11.169114305819793,65174.1857416003,59277.94461452727,10646.369074159145,5858.076193710655,1.74645425130263E-8,2.2363082375787205E-8,1.4651577913507938E-8,7.530401225906715E-9,9.541965834506749E-10,4.7267637939510076E-9,-3.1352373928580674E-4,0.0075466988552836435,0.9999720597927657,0.9999969069994213
6.2499999999999995E-6,1.25,0.6509804322866433,10.816036536946607,60675.68326743024,54922.38756574533,9226.572001099084,4970.222587798799,1.7096933771957753E-8,2.1910743245165502E-8,1.5403054731156676E-8,7.532520526189765E-9,9.639964775289458E-10,4.783309737335146E-9,-3.1361111396192745E-4,0.007308132795234194,0.9999720597927657,0.9999969069994213
6.3E-6,1.26,0.6616274467865583,10.479986828418344,56679.13909171196,51059.05944668927,7966.530194128465,4190.405506787839,1.671856200745928E-8,2.1488317648818753E-8,1.6155055565973574E-8,7.523616760201054E-9,9.733458708475578E-10,4.831666699220613E-9,-3.135215699296291E-4,0.007081072181363746,0.9999720597927657,0.9999969069994213
6.349999999999999E-6,1.27,0.6719463132320341,10.159587091112149,53112.260186172636,47616.63219540814,6839.529684303075,3434.247076461328,1.6331698695045064E-8,2.1092941125584404E-8,1.6906849132315965E-8,7.503765917961503E-9,9.822681092939435E-10,4.873051183664372E-9,-3.133796250203541E-4,0.006864585872373073,0.9999720597927657,0.9999969069994213
6.4E-6,1.28,0.6819520616540843,9.853593835464356,49915.31820162059,44536.21941579147,5827.319407052079,2784.575714078319,1.5938298097555073E-8,2.0722111919549904E-8,1.7657751542117602E-8,7.473218702175366E-9,9.907849407733635E-10,4.908415565565081E-9,-3.1328209590780943E-4,0.006657833672611051,0.9999720597927657,0.9999969069994213
6.45E-6,1.29,0.6916584838063056,9.560810096844126,47038.64739980411,41768.90099592967,4916.6737785583855,2151.6479972888005,1.5539803301756575E-8,2.0373637797466102E-8,1.8407116089977102E-8,7.4325754069156325E-9,9.98916518125922E-10,4.938534314297458E-9,-3.1324279991124025E-4,0.006460006822191977,0.9999720597927657,0.9999969069994213
6.5E-6,1.3,0.7010783529039808,9.28039126342183,44440.655665952436,39273.7135031128,4088.2555947509386,1579.2266131824165,1.5138229549412863E-8,2.0045586236112558E-8,1.915433706241593E-8,7.3817241892025916E-9,1.0066817005524315E-9,4.964026038459011E-9,-3.132228976678994E-4,0.006270534637447182,0.9999720597927657,0.9999969069994213
6.55E-6,1.31,0.7102235680428418,9.011366881479994,42086.29206721307,37016.18525501392,3334.478527064656,1041.2227833628183,1.4734686670611851E-8,1.9736245339674804E-8,1.9898850231505146E-8,7.321285946304563E-9,1.014098229519723E-9,4.985417854725267E-9,-3.1323033823354323E-4,0.006088761406405401,0.9999720597927657,0.9999969069994213
6.5999999999999995E-6,1.32,0.7191050486265645,8.752846339768432,39945.89730469691,34967.17032451587,2648.4057052381527,569.5153745180489,1.4330093420110281E-8,1.9444099088346334E-8,2.0640114110431237E-8,7.251946359537499E-9,1.0211825108557107E-9,5.0031493741724E-9,-3.1322160840838403E-4,0.0059140853647084,0.9999720597927657,0.9999969069994213
6.65E-6,1.33,0.7277329888787726,8.50418998503519,37994.20293080436,33101.83821295878,2019.025499803487,88.5302204364334,1.3925802991833263E-8,1.916779500804381E-8,2.1377621181872257E-8,7.173812683339609E-9,1.0279499941422934E-9,5.017599471997734E-9,-3.132737739812736E-4,0.005746074314212966,0.9999720597927657,0.9999969069994213
6.699999999999999E-6,1.34,0.7361168554997115,8.26462100738272,36209.58926369863,31398.981200408598,1439.3651309627683,-322.30171759858945,1.3522375143099274E-8,1.890612462200093E-8,2.2110889609455237E-8,7.087688338180728E-9,1.0344151400708243E-9,5.029085053509826E-9,-3.133243547138899E-4,0.005584203383366703,0.9999720597927657,0.9999969069994213
6.75E-6,1.35,0.7442654523955089,8.03357842649228,34573.471353673136,29840.36670293167,904.8924407329162,-738.0693285167587,1.3120771870928033E-8,1.8658004725442882E-8,2.2839461090706953E-8,6.99387849345417E-9,1.040591501368385E-9,5.037863198557394E-9,-3.134281159441724E-4,0.005428093531413703,0.9999720597927657,0.9999969069994213
6.799999999999999E-6,1.3599999999999999,0.752187001383694,7.810459221513723,33069.79775614342,28410.2692994249,407.43565377638583,-1120.2900108552146,1.2721549199918925E-8,1.8422460843063326E-8,2.356290106153407E-8,6.892995342686389E-9,1.0464918342587357E-9,5.044173299386227E-9,-3.134177722534467E-4,0.005277337311833596,0.9999720597927657,0.9999969069994213
6.85E-6,1.37,0.7598891748138246,7.594765023651539,31684.65025660843,27095.05835625455,-56.319313045003646,-1477.5999008846682,1.2325366461198425E-8,1.8198614343785678E-8,2.428079541107475E-8,6.785424886865704E-9,1.0521281326127857E-9,5.048253984704043E-9,-3.1324587614647956E-4,0.005131597988953743,0.9999720597927657,0.9999969069994213
6.9E-6,1.3800000000000001,0.7673791468361325,7.386001184037205,30405.911579510517,25882.880025899438,-486.8254323279783,-1813.1252251360668,1.1932683513793265E-8,1.798567075826507E-8,2.499274946114368E-8,6.671665095818773E-9,1.0575116935610134E-9,5.0503155546856186E-9,-3.130559974661822E-4,0.004990541340565679,0.9999720597927657,0.9999969069994213
6.9499999999999995E-6,1.3900000000000001,0.774663634265163,7.1837431930319,29222.992751230133,24763.380472257417,-892.175851816323,-2142.756539657857,1.1543999854731938E-8,1.7782909906270033E-8,2.5698386601118464E-8,6.552135760736699E-9,1.0626531779821152E-9,5.050524159205413E-9,-3.1285835424161386E-4,0.004853880535832364,0.9999720597927657,0.9999969069994213
7.0E-6,1.4000000000000001,0.7817489312205502,6.987574396032304,28126.607717703286,23727.489517038477,-1271.8089237245335,-2442.2371724832597,1.1159672890959714E-8,1.758967744649914E-8,2.6397346846926032E-8,6.427326572172493E-9,1.067562654434134E-9,5.049037999234365E-9,-3.1263756284903853E-4,0.004721334051373179,0.9999720597927657,0.9999969069994213
