% Model,wave_bubble3d_alpha_solved.mph
% Version,COMSOL 6.4.0.429
% Date,"Oct 8 2026, 20:46"
% Table,Table - 
% Time (s),t/tau (1),c.r (1),c.U (m/s),c.pg (Pa),c.pB (N/m^2),DP*c.pdet (Pa),c.id(c.pAc)/c.id(1) (J/m^3),c.En (J),c.Egas (J),c.Epot (N*m),c.Ea (J),E0*c.ediss (J),E0*c.erout (J),(c.En+c.Egas+c.Epot+c.Ea+E0*(c.ediss+c.erout)-c.Einitial)/c.Einitial (1),abs(c.U)/cL (1),c.is(1)/(4*pi*(bs*a)^2) (1),c.id(1)/(pi*adet^2*hdet) (1)
0,0,1,-1.8575999997516165E-7,10000,7120.0000148608,-1.7561855466739487E-24,-8.385169968919948E-18,1.3550779872278297E-23,1.3089969389957472E-8,5.462182427041452E-8,2.092014305526781E-34,1.626093584724192E-33,7.628025396941588E-62,3.909183049331656E-16,1.2551351349673084E-10,0.9999720597927645,0.9999969069994212
5.0E-8,0.01,0.9999244699298578,-0.14243370574882508,10003.172886006458,7134.350900140546,-4.5284952104858145E-5,-5.743505017977272E-4,7.965624381408678E-12,1.3091155912104552E-8,5.4609619253740834E-8,3.044671066551103E-12,8.869322816341878E-16,3.5844339756294767E-40,-1.0798925802880842E-7,9.623899037082776E-5,0.9999720597927645,0.9999969069994212
1.0E-7,0.02,0.9997293851024793,-0.2457613108891055,10011.37382715109,7150.260472124854,-0.006538873904243885,-0.0733704727879888,2.3705646218800686E-11,1.309422146455827E-8,5.457810361669206E-8,1.5746959781952645E-11,5.758398412520602E-15,6.65087087532533E-36,-1.5085588402209654E-7,1.6605493978993615E-4,0.9999720597927645,0.9999969069994212
1.5E-7,0.030000000000000002,0.9994357810341108,-0.3410003092198837,10023.732000204234,7169.4015575711755,-0.2993446508892078,-2.987218275584544,4.5611996297545293E-11,1.3098837624634013E-8,5.453069521191233E-8,3.661744473899951E-11,1.666189791403696E-14,3.3358419832888133E-32,-2.1740512823770198E-7,2.3040561433775928E-4,0.9999720597927645,0.9999969069994212
2.0E-7,0.04,0.9990479875707722,-0.43453553326629024,10040.083688067485,7192.135248416441,-6.65247569171725,-58.69302164425946,7.400870113220226E-11,1.3104939242362807E-8,5.446812007546337E-8,6.467196815186512E-11,3.5617196579438054E-14,6.928180531412289E-29,-2.6666056531656874E-7,2.936050900447907E-4,0.9999720597927645,0.9999969069994212
2.5E-7,0.05,0.998566830103418,-0.5278365110039679,10060.418095881705,7218.572168728502,-81.29223341509312,-614.596903144839,1.0909682716212368E-10,1.3112517114542493E-8,5.439054609126626E-8,9.95483536331765E-11,6.474571732422299E-14,7.017293984057972E-26,-3.0316802297296383E-7,3.566462912188972E-4,0.9999720597927645,0.9999969069994212
3.0E-7,0.060000000000000005,0.9979923324797275,-0.621176879146847,10084.76402435047,7248.764430409958,-552.1309326182887,-3335.350419554145,1.5091871869832516E-10,1.3121575553078139E-8,5.429801995889012E-8,1.4114915321479205E-10,1.0621863968930169E-13,3.7472378276793637E-23,-3.5529779360954894E-7,4.197141075316534E-4,0.9999720597927645,0.9999969069994212
3.5E-7,0.07,0.9973243851379797,-0.7147353484946015,10113.161921408911,7282.767704456224,-2039.7213992999607,-8641.091175898193,1.9953550077196497E-10,1.3132121901123558E-8,5.4190575184102756E-8,1.8936969722391765E-10,1.622206732311922E-13,1.0927600092630029E-20,-4.3059656311688407E-7,4.829292895233794E-4,0.9999720597927645,0.9999969069994212
4.0E-7,0.08,0.9965627865123551,-0.8084865268030027,10145.662324556435,7320.631010966585,-4143.160157578112,-10070.462721178294,2.549233753069351E-10,1.3144165903132025E-8,5.406823885556269E-8,2.441966692925141E-10,2.349531555272141E-13,1.7555770679241127E-18,-5.006833357491185E-7,5.462746802722991E-4,0.9999720597927645,0.9999969069994212
4.5E-7,0.09000000000000001,0.9957073140667728,-0.9024921864537713,10182.323044900273,7362.417450739493,-5470.174892755688,-8467.085239842007,3.1710433459574463E-10,1.3157718605759587E-8,5.3931043156978815E-8,3.055624230817456E-10,3.266266382708383E-13,1.5367256053785214E-16,-5.66513500597695E-7,6.097920178741698E-4,0.9999720597927645,0.9999969069994212
5.0E-7,0.1,0.9947576975354164,-0.9967854172568702,10223.210531615414,7408.19620847191,-6475.3872899703565,-9769.829936087319,3.860876579134104E-10,1.3172792804763775E-8,5.377902114697145E-8,3.7340320637823053E-10,4.3946772249472013E-13,7.123198290381592E-15,-6.240186834929328E-7,6.735036603086961E-4,0.9999720597927645,0.9999969069994212
5.5E-7,0.11000000000000001,0.9937136269326281,-1.0913976503866125,10268.399793766046,7458.044665005786,-7233.419111228313,-8847.653488291493,4.6188221777972996E-10,1.3189402946730112E-8,5.361220814671492E-8,4.475134317889148E-10,5.757201412827587E-13,1.6712647674919059E-13,-6.508576703205921E-7,7.374308448558193E-4,0.9999720597927645,0.9999969069994212
6.0E-7,0.12000000000000001,0.9925747792191852,-1.186335276843215,10317.973534296294,7512.045722949472,-7767.947048355298,-9494.192116899087,5.444741954801475E-10,1.3207564735165554E-8,5.343064609828317E-8,5.264620967086623E-10,7.376395151476185E-13,1.8722378175302655E-12,-5.413739585853871E-7,8.01577889758929E-4,0.9999720597927645,0.9999969069994212
6.499999999999999E-7,0.13,0.9913407867537672,-1.2816904502587805,10372.023835306201,7570.298332742798,-8149.9201590545135,-9018.345091594381,6.339274628510976E-10,1.3227295665614891E-8,5.323437862625767E-8,6.057164311314506E-10,9.275030434544546E-13,9.519230164848436E-12,-4.244653261478344E-7,8.660070609856625E-4,0.9999720597927645,0.9999969069994212
7.0E-7,0.14,0.9900112651825755,-1.3774309263473823,10430.651302434086,7632.899778484095,-8444.612873883869,-9276.225174990055,7.301910137669738E-10,1.324861461788076E-8,5.3023455597431026E-8,6.855315106048012E-10,1.1476168287968213E-12,2.282907271546279E-11,-3.578570710549669E-7,9.306965718563394E-4,0.9999720597927645,0.9999969069994212
7.5E-7,0.15000000000000002,0.9885857326060242,-1.4736677413600683,10493.969045692484,7699.971024489034,-8630.117132855183,-9147.999483177895,8.333570816669382E-10,1.3271543195693762E-8,5.27979204439737E-8,7.737166629171423E-10,1.4003255399206564E-12,3.3828177316002054E-11,-4.101687907074001E-7,9.95721446864911E-4,0.9999720597927645,0.9999969069994212
8.0E-7,0.16,0.9870637706117258,-1.5703302520754923,10562.096001354214,7771.624238697018,-8774.250153393514,-9110.173021611068,9.433212556626857E-10,1.3296103186412483E-8,5.255783581761466E-8,8.675828406785503E-10,1.6879398225229231E-12,4.523336925314675E-11,-4.3199162721246537E-7,0.0010610339541050624,0.9999720597927645,0.9999969069994212
8.499999999999999E-7,0.16999999999999998,0.985444840968536,-1.6675939874920072,10635.165561631062,7848.0055230223315,-8873.991783882664,-9149.710748814114,1.0602618893297004E-9,1.3322319558270604E-8,5.230325473027706E-8,9.649772277609354E-10,2.0128440437885837E-12,5.894053198712155E-11,-3.969574771231388E-7,0.0011267526942513562,0.9999720597927645,0.9999969069994212
9.0E-7,0.18000000000000002,0.9837283959177542,-1.7653657492451993,10713.321240107087,7929.249181777114,-8931.49720992043,-9084.811634294827,1.1840354154436692E-9,1.3350218743817773E-8,5.203423819016008E-8,1.0690531770922865E-9,2.377441471589307E-12,7.183932368215364E-11,-4.63267958601967E-7,0.0011928146954359455,0.9999720597927645,0.9999969069994212
9.5E-7,0.19000000000000003,0.981913871484212,-1.8637596076032545,10796.717537490322,8015.517158618142,-8969.448644606113,-9055.361853866198,1.3147536416288664E-9,1.3379828802040964E-8,5.1750854274004396E-8,1.176982710315676E-9,2.7841573485228338E-12,8.655977611734619E-11,-4.474688172448052E-7,0.0012592970321643612,0.9999720597927645,0.9999969069994212
1.0E-6,0.2,0.9800006356036188,-1.9627976661526119,10885.52298267661,8106.977655478318,-9000.543251039953,-9032.334756086171,1.4524123221049633E-9,1.341118032889624E-8,5.145317020579876E-8,1.2905682254407591E-9,3.2354627141918412E-12,1.011937966808022E-10,-4.920669570365899E-7,0.0013262146392923053,0.9999720597927645,0.9999969069994212
1.05E-6,0.21,0.977988015437812,-2.0625233220879133,10979.91965141799,8203.8139206974,-8990.038389363353,-9010.781878807342,1.5970341719855006E-9,1.3444306088918863E-8,5.11412568805041E-8,1.408383735524183E-9,3.733865675984214E-12,1.1704574782587721E-10,-4.898694258130586E-7,0.00139359683924859,0.9999720597927645,0.9999969069994212
1.1E-6,0.22000000000000003,0.9758753175343843,-2.1629655816955102,11080.103023828267,8306.22125345653,-9000.242378744446,-8965.962515690091,1.7486179712362326E-9,1.3479240760305869E-8,5.081519220290923E-8,1.5312091024523993E-9,4.281902890894795E-12,1.3321611344446622E-10,-5.258630878137308E-7,0.0014614632308753448,0.9999720597927645,0.9999969069994212
1.15E-6,0.23,0.9736617888360425,-2.26419819028245,11186.284706532942,8414.414457826004,-8979.852477510834,-8899.449585601342,1.9072325121376147E-9,1.3516021661739519E-8,5.0475055286997534E-8,1.658308036730353E-9,4.882160794682531E-12,1.5025836497816366E-10,-5.263040925264837E-7,0.0015298636420827366,0.9999720597927645,0.9999969069994212
1.2E-6,0.24000000000000002,0.9713466032476841,-2.3662591579554504,11298.694122447705,8528.622905471964,-8956.964868315037,-8912.561212224611,2.072889937013809E-9,1.3554689077222462E-8,5.012092472668586E-8,1.7898496963205241E-9,5.537286649963059E-12,1.678644552862768E-10,-5.683085769307371E-7,0.0015988237553753043,0.9999720597927645,0.9999969069994212
1.2499999999999999E-6,0.25,0.968929005382531,-2.4690362450236947,11417.572576507051,8649.075518934635,-8941.13624196245,-8864.19952278183,2.2453252326599947E-9,1.3595283950399787E-8,4.9752900815585125E-8,1.925890153728975E-9,6.249908459746963E-12,1.8610441239174601E-10,-5.787344345794164E-7,0.001668267733124118,0.9999720597927645,0.9999969069994212
1.2999999999999998E-6,0.26,0.9664081561841326,-2.5728132789425264,11543.18181620856,8776.053951473239,-8898.38000991446,-8722.120964497974,2.4249749475955374E-9,1.3637850554027919E-8,4.937108208307295E-8,2.0658069025877313E-9,7.022721615650288E-12,2.0501718581054878E-10,-5.798939821238246E-7,0.0017383873506368421,0.9999720597927645,0.9999969069994212
1.35E-6,0.27,0.9637828991702022,-2.677816193837117,11675.817340600923,8909.867968819986,-8874.718871270967,-8869.68678429865,2.6122203989876037E-9,1.3682440606188313E-8,4.897553061203294E-8,2.209215583979688E-9,7.858642422579422E-12,2.2448385014655009E-10,-6.493198884020317E-7,0.0018093352661061601,0.9999720597927645,0.9999969069994212
1.4E-6,0.28,0.9610523451822748,-2.783348211413261,11815.780651898789,9050.757335106462,-8828.89374258877,-8589.045659039199,2.8056259239011103E-9,1.372910351674004E-8,4.85663608716341E-8,2.357311589740926E-9,8.760448191782315E-12,2.445870739043532E-10,-6.533021397508708E-7,0.0018806406833873383,0.9999720597927645,0.9999969069994212
1.4499999999999999E-6,0.29,0.9582157195733669,-2.890148371004969,11963.387692230219,9199.095606207104,-8792.133175326482,-8744.049514855622,3.0065458869992073E-9,1.3777888998556284E-8,4.814371606701068E-8,2.508618570048644E-9,9.730857987261726E-12,2.652504925367481E-10,-6.319022264232819E-7,0.0019528029533817358,0.9999720597927645,0.9999969069994212
1.5E-6,0.30000000000000004,0.9552714825301483,-2.9983778742654827,12119.016733978357,9355.268607565047,-8745.184087744847,-8546.168406804496,3.215263004062388E-9,1.382886239945234E-8,4.770763785234207E-8,2.662729146776906E-9,1.0773137938778855E-11,2.8647556910632414E-10,-7.760936513309015E-7,0.0020259309961253263,0.9999720597927645,0.9999969069994212
1.55E-6,0.31,0.9522188354025727,-3.107088172644529,12283.031772224977,9519.556772199443,-8699.435693230791,-8565.737369351298,3.429635230843863E-9,1.3882078938214131E-8,4.725829099527338E-8,2.821591523276721E-9,1.189006853931236E-11,3.082621644637334E-10,-6.60738084544877E-7,0.0020993839004354925,0.9999720597927645,0.9999969069994212
1.6E-6,0.32,0.9490564781549146,-3.2178230807934396,12455.849625302028,9692.500747862046,-8647.564183378121,-8472.390401371335,3.65291664299389E-9,1.3937605295964606E-8,4.679577899332955E-8,2.981797066321733E-9,1.3084815530532438E-11,3.30555217826025E-10,-8.215467740202617E-7,0.0021742047843198915,0.9999720597927645,0.9999969069994212
1.6499999999999999E-6,0.33,0.9457830123587674,-3.3291824443200886,12637.921732224486,9874.428023518558,-8591.289701646334,-8412.196553394348,3.8818577352332625E-9,1.399551293460553E-8,4.632020497188682E-8,3.1464281471691064E-9,1.4360651374992778E-11,3.5337678977459534E-10,-7.743160365367041E-7,0.0022494475975135732,0.9999720597927645,0.9999969069994212
1.6999999999999998E-6,0.33999999999999997,0.942397370043645,-3.4423850674869048,12829.712519897974,10065.900483282865,-8542.865362555467,-8395.768790237604,4.119111068707727E-9,1.4055870667853964E-8,4.5831734053112993E-8,3.3126204537380493E-9,1.5720626217510762E-11,3.766795042023891E-10,-8.460348819508628E-7,0.002325935856410071,0.9999720597927645,0.9999969069994212
1.75E-6,0.35000000000000003,0.938897855513166,-3.556709346639622,13031.756067936427,10267.383738158074,-8478.602085123128,-8227.228231571913,4.362835835496191E-9,1.4118761904508726E-8,4.533045510365511E-8,3.4820527610611886E-9,1.7168322617751194E-11,4.0046003574575826E-10,-8.816379546043556E-7,0.0024031819909727174,0.9999720597927645,0.9999969069994212
1.8E-6,0.36000000000000004,0.9352832809328647,-3.6727318402097726,13244.594971692659,10479.463267206587,-8416.647238363888,-8281.717000863167,4.614258411198874E-9,1.4184264651838729E-8,4.4816545088319153E-8,3.6532666892505976E-9,1.870694350298737E-11,4.246906773023489E-10,-9.038153620258204E-7,0.002481575567709306,0.9999720597927645,0.9999969069994212
1.8499999999999999E-6,0.37,0.9315518724270857,-3.7901963360876985,13468.846980905348,10702.726951111006,-8358.880346133208,-8104.090680943005,4.8725675909678415E-9,1.4252471434774397E-8,4.429011282771945E-8,3.8268908563155844E-9,2.0340205972988763E-11,4.49346410087699E-10,-9.501230221613478E-7,0.002560943470329526,0.9999720597927645,0.9999969069994212
1.9E-6,0.38000000000000006,0.9277021976571496,-3.9094291742637233,13705.15467410132,10937.838101452995,-8283.186762070072,-8080.0483520447515,5.1383982015133036E-9,1.4323472826729963E-8,4.375133176734807E-8,4.002071154419443E-9,2.207157737682016E-11,4.743813999474065E-10,-9.8554525561606E-7,0.00264150619882684,0.9999720597927645,0.9999969069994212
1.95E-6,0.39,0.9237324232292977,-4.030287885610518,13954.234324439192,11185.492094725021,-8221.312530080075,-8012.554685949308,5.411165839576401E-9,1.4397371323271486E-8,4.320033564050329E-8,4.179120318788661E-9,2.390491486060136E-11,4.998270989126141E-10,-1.0120018275892143E-6,0.0027231674902773767,0.9999720597927645,0.9999969069994212
2.0E-6,0.4,0.9196408637173034,-4.153091569868183,14216.84751184094,11446.469666610998,-8143.388105136155,-7866.536998294463,5.691488075192539E-9,1.4474271619563126E-8,4.263729628361817E-8,4.357152668832969E-9,2.5843980725111913E-11,5.256676968013048E-10,-1.0830556216734322E-6,0.002806142952613637,0.9999720597927645,0.9999969069994212
2.05E-6,0.41000000000000003,0.9154255870901232,-4.277688276307132,14493.831284062777,11721.585266817046,-8070.099335104719,-7875.342798827764,5.978698443366984E-9,1.4554288328835758E-8,4.2062369440608445E-8,4.536688599749216E-9,2.7892804418155955E-11,5.51782961865722E-10,-1.0793027885502092E-6,0.002890329916423738,0.9999720597927645,0.9999969069994212
2.1E-6,0.42,0.911084662760429,-4.404411955736551,14786.088789484551,12011.76149932609,-7991.4800112553585,-7687.10387367202,6.273444692491059E-9,1.4637541792517241E-8,4.14757299165677E-8,4.716739200434704E-9,3.005545538534259E-11,5.782026733485376E-10,-1.1804387846735113E-6,0.002975954024146318,0.9999720597927645,0.9999969069994212
2.1499999999999997E-6,0.43,0.9066160173076934,-4.533154938679022,15094.605681617672,12317.964240424906,-7908.131759994898,-7683.4673000978655,6.575123005701935E-9,1.472416128454319E-8,4.087755263714549E-8,4.8975472780688494E-9,3.233618230339978E-11,6.049937504082371E-10,-1.1744217155908765E-6,0.0030629425261344745,0.9999720597927645,0.9999969069994212
2.2E-6,0.44000000000000006,0.902017478787347,-4.664185860816291,15420.455302185317,12641.279521129642,-7825.87341142473,-7522.575863031551,6.8841744622884645E-9,1.4814284719691087E-8,4.026801971002325E-8,5.07854819504702E-9,3.473937546768864E-11,6.319413864421356E-10,-1.2673037842446994E-6,0.0031514769329839803,0.9999720597927645,0.9999969069994212
2.25E-6,0.45000000000000007,0.8972867836731939,-4.797511844123015,15764.807130243707,12982.865951692575,-7734.775570472023,-7464.382886143273,7.200263491376197E-9,1.4908059101540032E-8,3.9647322295121844E-8,5.259638872036697E-9,3.726956071704996E-11,6.591526672806657E-10,-1.2947862517256924E-6,0.003241562056839875,0.9999720597927645,0.9999969069994212
2.3E-6,0.46,0.8924215233961516,-4.933306127759168,16128.940828296536,13344.006305066743,-7646.456864341765,-7346.1238291578475,7.523512255908349E-9,1.5005642233623953E-8,3.901565464176925E-8,5.440342647441804E-9,3.993145983035552E-11,6.866182427052819E-10,-1.3613447231769675E-6,0.003333314951188627,0.9999720597927645,0.9999969069994212
2.35E-6,0.47000000000000003,0.8874191929189286,-5.0716842792852965,16514.25427530089,13726.095897163112,-7548.250176363693,-7235.434356697585,7.85384492294503E-9,1.5107202485615247E-8,3.837322163391349E-8,5.620558758513315E-9,4.272994168429505E-11,7.141393352764678E-10,-1.4263752136179643E-6,0.003426813702219795,0.9999720597927645,0.9999969069994212
2.4E-6,0.48000000000000004,0.8822771380685877,-5.212766416289545,16922.280589259797,14130.664916106805,-7453.584182930734,-7146.319655438828,8.191164095997799E-9,1.521292065237346E-8,3.7720233172734695E-8,5.799776184473595E-9,4.5670082941110994E-11,7.419292475872131E-10,-1.4801596399960314E-6,0.003522139470465909,0.9999720597927645,0.9999969069994212
2.45E-6,0.49,0.876992572930323,-5.3567192835797295,17354.701778189297,14559.395942106246,-7347.774438062239,-7003.981294470823,8.535481717127046E-9,1.5322990504884488E-8,3.70569077897978E-8,5.9778272591593546E-9,4.8757152666808127E-11,7.697232712993252E-10,-1.5649480162480578E-6,0.003619404921337655,0.9999720597927645,0.9999969069994212
2.4999999999999998E-6,0.5,0.8715625665901477,-5.503677800469326,17813.366758549135,15014.134816420848,-7245.721340906447,-6913.825629067201,8.886670548467064E-9,1.5437620054970126E-8,3.6383472366027124E-8,6.154264744521861E-9,5.1996630310445325E-11,7.976588483596806E-10,-1.6314398085686013E-6,0.0037187012165333286,0.9999720597927645,0.9999969069994212
2.5499999999999997E-6,0.51,0.8659840201326964,-5.653807922960565,18300.312752154667,15496.917643557681,-7132.699192082144,-6772.02728496568,9.244656836321235E-9,1.5557033153491058E-8,3.5700160819418535E-8,6.3288193215819E-9,5.5394236506712094E-11,8.256127062520655E-10,-1.7218093655292846E-6,0.0038201404884868687,0.9999720597927645,0.9999969069994212
2.5999999999999997E-6,0.52,0.860253683639686,-5.807290304693019,18817.78611369987,16009.99020237629,-7022.298738582334,-6653.9117677216145,9.609366983517443E-9,1.568147037117079E-8,3.5007217851864056E-8,6.5010878965822945E-9,5.895591591689155E-11,8.535716243621055E-10,-1.816772998709644E-6,0.003923844800468256,0.9999720597927645,0.9999969069994212
2.65E-6,0.53,0.8543681101777741,-5.964299643742359,19368.271992747497,16555.83552668999,-6901.608515194913,-6525.203230582953,9.980653469813229E-9,1.581119137758167E-8,3.430489510710397E-8,6.670708441428127E-9,6.268789662776881E-11,8.8152757146659E-10,-1.9168942899479634E-6,0.004029932191717811,0.9999720597927645,0.9999969069994212
2.7E-6,0.54,0.8483236731027315,-6.125042232702292,19954.522359708237,17137.205459140743,-6782.369323870484,-6380.338718578614,1.0358413890180061E-8,1.5946476133174175E-8,3.359345521553328E-8,6.837321205042256E-9,6.659667230771808E-11,9.09392131929532E-10,-2.044137328019562E-6,0.00413854204912317,0.9999720597927645,0.9999969069994212
2.75E-6,0.55,0.8421165410880231,-6.289720342422172,20579.592383802275,17757.153615962197,-6653.613270008312,-6249.966345486109,1.0742466336419923E-8,1.6087627187255792E-8,3.287317084593015E-8,7.000508442480314E-9,7.068905034682266E-11,9.371885352227566E-10,-2.1157719872221618E-6,0.004249811042177144,0.9999720597927645,0.9999969069994212
2.8E-6,0.56,0.8357426531834611,-6.45857927141896,21246.882516562084,18419.0818182439,-6524.290903667006,-6094.8346996004,1.1132701490064537E-8,1.6234972225569606E-8,3.2144324055658155E-8,7.159852261458582E-9,7.497214885590084E-11,9.648223219374179E-10,-2.20281903217056E-6,0.004363904913120918,0.9999720597927645,0.9999969069994212
2.85E-6,0.5700000000000001,0.8291977227182492,-6.631836729554745,21960.1841232259,19126.779016982095,-6387.26784339944,-5951.469615965012,1.1528834310520968E-8,1.6388866219581832E-8,3.1407209171729586E-8,7.314974912218944E-9,7.945343012401187E-11,9.923008348044318E-10,-2.285885277054327E-6,0.004480970763212666,0.9999720597927645,0.9999969069994212
2.8999999999999998E-6,0.58,0.8224772131278962,-6.809773632873916,22723.73556339201,19884.485950032864,-6247.275229992272,-5786.370907887136,1.1930707013222342E-8,1.6549694506744632E-8,3.066213259657998E-8,7.465407416432817E-9,8.414072397970534E-11,1.0195505092808753E-9,-2.3761611226880334E-6,0.0046011984005904834,0.9999720597927645,0.9999969069994212
2.9499999999999997E-6,0.59,0.8155762998520842,-6.992677262072912,23542.28932925252,20696.95674730398,-6100.6536482744195,-5631.235421794893,1.2338084331946387E-8,1.671787657663407E-8,2.99094114157505E-8,7.610661466261297E-9,8.904228231068128E-11,1.0465498789082731E-9,-2.476799855872565E-6,0.004724781933833049,0.9999720597927645,0.9999969069994212
3.0E-6,0.6000000000000001,0.8084898814480648,-7.180821786278575,24421.1846038464,21569.52954915563,-5949.433842045294,-5455.684031775754,1.2750572480674998E-8,1.689386908037138E-8,2.9149377711604634E-8,7.750383193027878E-9,9.416676483064772E-11,1.0732498754034953E-9,-2.577903338929527E-6,0.004851906612350388,0.9999720597927645,0.9999969069994212
3.05E-6,0.6100000000000001,0.8012125342844111,-7.374583403675275,25366.43955167155,22508.229988398452,-5792.309668445096,-5283.620131041805,1.3168013617857567E-8,1.707817066323364E-8,2.8382376922385742E-8,7.883924004210646E-9,9.952330380206332E-11,1.0996028065038549E-9,-2.692919041341243E-6,0.004982826624104915,0.9999720597927645,0.9999969069994212
3.1E-6,0.62,0.7937384773550256,-7.5742745707790045,26384.859042494987,23519.862448257143,-5628.895914064016,-5100.295209733154,1.358988402940369E-8,1.7271327147723795E-8,2.7608767807508647E-8,8.010925951356477E-9,1.0512155533283575E-10,1.1255761956208113E-9,-2.82038645576962E-6,0.005117753088364192,0.9999720597927645,0.9999969069994212
3.15E-6,0.63,0.7860615910166291,-7.780307193566375,27484.15445883432,24612.1461450902,-5459.897840971519,-4909.870906603977,1.4015860171645522E-8,1.7473935959212506E-8,2.6828928311226618E-8,8.13079002243488E-9,1.1097167001271064E-10,1.1511076935154525E-9,-2.9512188865621177E-6,0.00525696431997728,0.9999720597927645,0.9999969069994212
3.2E-6,0.64,0.7781753084329642,-7.993104475633912,28673.104978483345,25793.867334126375,-5283.771337751187,-4713.381309059373,1.4445484136898325E-8,1.7686654623138118E-8,2.6043248718432193E-8,8.242942804136626E-9,1.1708445323544944E-10,1.1761677181842596E-9,-3.119195868254701E-6,0.005400746267320211,0.9999720597927645,0.9999969069994212
3.25E-6,0.65,0.770072669917032,-8.213091583892346,29961.725177844753,27075.046088807463,-5100.922583573862,-4507.877758676875,1.4878111200960532E-8,1.791020589281126E-8,2.525214190774647E-8,8.346949666326765E-9,1.234712780424455E-10,1.2006913581314178E-9,-3.283864465527081E-6,0.005549386205332667,0.9999720597927645,0.9999969069994212
3.2999999999999997E-6,0.66,0.7617461982215221,-8.440824040182859,31361.495149179314,28467.179323340148,-4911.034731967761,-4293.59600950717,1.5313347425902537E-8,1.8145388728067308E-8,2.4456036091281563E-8,8.442003043624028E-9,1.301442839811957E-10,1.2246431960569797E-9,-3.4099149631357124E-6,0.00570325948661004,0.9999720597927645,0.9999969069994212
3.3499999999999997E-6,0.67,0.7531879231792645,-8.67677419089134,32885.61281385593,29983.47113385923,-4713.038504811272,-4070.460183105535,1.5750252477562102E-8,1.8393086514495375E-8,2.3655382969674694E-8,8.527755968351524E-9,1.3711629709468218E-10,1.2479619602983754E-9,-3.507112755216561E-6,0.00586268526411577,0.9999720597927645,0.9999969069994212
3.3999999999999996E-6,0.6799999999999999,0.7443892917682305,-8.921610617683514,34549.32034347282,31639.18827341102,-4507.204542195146,-3840.458309151793,1.6188319861930862E-8,1.865427996929388E-8,2.2850655306151982E-8,8.603291144134893E-9,1.444009915359351E-10,1.2705999688926934E-9,-3.6392246966082938E-6,0.006028115282218591,0.9999720597927645,0.9999969069994212
3.45E-6,0.6900000000000001,0.7353411319385996,-9.175914048680971,36370.292266430464,33452.018307719416,-4292.867600043894,-3591.7984535926944,1.6626411729956984E-8,1.8930060407523195E-8,2.2042350457038946E-8,8.668198501320442E-9,1.520129232283486E-10,1.2925055037932705E-9,-3.7532237303569217E-6,0.00619994192478444,0.9999720597927645,0.9999969069994212
3.5E-6,0.7000000000000001,0.7260335915408119,-9.44046601447397,38369.116405241104,35442.58140245584,-4068.8301981366417,-3347.3223236196395,1.7063765455413667E-8,1.9221645936976866E-8,2.1230992305907535E-8,8.721540733966219E-9,1.5996761020306617E-10,1.313617444031169E-9,-3.90144551184723E-6,0.006378693253022952,0.9999720597927645,0.9999969069994212
3.55E-6,0.7100000000000001,0.7164560592429927,-9.715995660160866,40569.89168014681,37635.00080992532,-3835.9185278993345,-3071.0357072935985,1.7499028189101008E-8,1.9530400940365485E-8,2.0417132560072206E-8,8.762793126913425E-9,1.682816380456015E-10,1.3338833414688018E-9,-4.044559900923441E-6,0.006564861932541126,0.9999720597927645,0.9999969069994212
3.6E-6,0.7200000000000001,0.7065971068893949,-10.003421629619517,43000.96574356372,40057.667151830334,-3591.699350003376,-2803.4513568599264,1.793107911080943E-8,1.9857858195512475E-8,1.9601354920802332E-8,8.790999859137419E-9,1.7697272755455355E-10,1.3532455069315792E-9,-4.184494441668162E-6,0.006759068668661836,0.9999720597927645,0.9999969069994212
3.6499999999999998E-6,0.73,0.6964443827529065,-10.30365877972825,45695.87023515838,42744.152411696385,-3337.205167121216,-2504.722492879211,1.8358268050645643E-8,2.0205746642429645E-8,1.8784276201558825E-8,8.805514111244751E-9,1.8605987092651204E-10,1.3716402065601309E-9,-4.2618425960890074E-6,0.006961931607924494,0.9999720597927645,0.9999969069994212
3.6999999999999997E-6,0.74,0.6859845385633558,-10.617800078015756,48694.490447518496,45734.400416901575,-3070.265187199753,-2202.2214443216108,1.8778998634275584E-8,2.0576023075821912E-8,1.7966551564990987E-8,8.805352735034299E-9,1.9556339919630425E-10,1.3890096177235087E-9,-4.351285255843444E-6,0.007174189241902538,0.9999720597927645,0.9999969069994212
3.7499999999999997E-6,0.75,0.6752031054127838,-10.946986691005264,52044.56579910671,49076.212945494924,-2790.9529797429714,-1881.5000452122938,1.9191179186090988E-8,2.0970911802349548E-8,1.7148876999013125E-8,8.789729496477833E-9,2.0550514235935572E-10,1.4052913980120842E-9,-4.425168096186131E-6,0.007396612629057611,0.9999720597927645,0.9999969069994212
3.8E-6,0.7600000000000001,0.6640843842400972,-11.292543204088332,55803.60734712718,52827.183581441546,-2497.6366610647337,-1538.5346102408023,1.9592607479704996E-8,2.1392951635463565E-8,1.6331994614016663E-8,8.757610347533406E-9,2.1590853408957374E-10,1.4204155247759165E-9,-4.5121354987618885E-6,0.007630096759519143,0.9999720597927645,0.9999969069994212
3.8499999999999996E-6,0.77,0.6526113051779991,-11.655889525795267,60041.38617773477,57057.17670651639,-2189.6271955698066,-1187.9548951185068,1.9980548597779735E-8,2.1845053850342816E-8,1.5516697320333585E-8,8.708065910990178E-9,2.2679876151249385E-10,1.4343239641282268E-9,-4.508155351530825E-6,0.007875601030942748,0.9999720597927645,0.9999969069994212
3.9E-6,0.78,0.6407652798452192,-12.038639301806029,64843.18232199806,61851.58943119948,-1865.4909071713757,-802.6725696775385,2.0351951732680714E-8,2.233057291228315E-8,1.4703835014233751E-8,8.639985586204363E-9,2.382028818156788E-10,1.4469417187572066E-9,-4.486875634440832E-6,0.008134215744463533,0.9999720597927645,0.9999969069994212
3.9499999999999995E-6,0.7899999999999999,0.6285260403835283,-12.442548923558048,70314.07089126801,67315.63333255466,-1523.8695033283052,-411.5611376547857,2.0703129209059922E-8,2.2853393641781286E-8,1.3894321959913456E-8,8.552295987006605E-9,2.5014995535555885E-10,1.4582032564346744E-9,-4.425385952611961E-6,0.008407127651052735,0.9999720597927645,0.9999969069994212
4.0E-6,0.8,0.6158714502917643,-12.869589206928525,76584.64384315217,73580.06738069544,-1163.2598419905219,20.758106210131423,2.1029836587265165E-8,2.341804005053046E-8,1.3089144609403856E-8,8.443767748786666E-9,2.6267117073554324E-10,1.4680396165997347E-9,-4.3401161698494485E-6,0.008695668383059815,0.9999720597927645,0.9999969069994212
4.05E-6,0.81,0.602777318468269,-13.321913151715293,83818.71740197254,80808.90450378154,-781.8794582054832,463.6243509286871,2.1326982636714462E-8,2.4029810635188353E-8,1.2289372152986738E-8,8.313172241952879E-9,2.7579990708502563E-10,1.4763705939853217E-9,-4.216288533797753E-6,0.0090012926700779,0.9999720597927645,0.9999969069994212
4.1E-6,0.8200000000000001,0.5892171842752212,-13.80189321013505,92223.86129733766,89209.94963525058,-377.45457728540396,951.0866314193722,2.1588555549304406E-8,2.46949496903068E-8,1.1496167775717785E-8,8.159139208453222E-9,2.895717747646026E-10,1.483133972060006E-9,-4.071517681960196E-6,0.009325603520361521,0.9999720597927645,0.9999969069994212
4.15E-6,0.8300000000000001,0.5751621236415339,-14.31209470461208,102065.93773575695,99049.34058459895,51.89218923829545,1459.6034201542902,2.1807334012366845E-8,2.5420863385868555E-8,1.0710803687862206E-8,7.980261393206693E-9,3.0402451027053276E-10,1.4882416354919586E-9,-3.914167545435427E-6,0.009670334259873027,0.9999720597927645,0.9999969069994212
4.2E-6,0.84,0.5605805484858931,-14.855263618728975,113689.48483240734,110671.93647995278,509.4266579634604,2013.9144361559663,2.1974654301317752E-8,2.6216396816815413E-8,9.934677834718326E-9,7.775003230467639E-9,3.191977646316559E-10,1.4916305747283724E-9,-3.4430884224272687E-6,0.010037340282924983,0.9999720597927645,0.9999969069994212
4.25E-6,0.8500000000000001,0.5454380828256642,-15.434225538805821,127546.65664670289,124530.25201948619,997.710425871874,2604.3358233842896,2.2079953538099092E-8,2.7092188093673065E-8,9.169336122729848E-9,7.541776574990724E-9,3.351324974359089E-10,1.4932131154769662E-9,-2.8609191386195743E-6,0.010428530769463392,0.9999720597927645,0.9999969069994212
4.2999999999999995E-6,0.86,0.5296975341332403,-16.0517562855081,144238.96751293069,141226.1924963909,1520.7983577959767,3245.46237128925,2.2110346024319664E-8,2.806112572251515E-8,8.416499029235826E-9,7.2788826651460096E-9,3.5187001482488396E-10,1.4929220194970086E-9,-2.188464157255053E-6,0.01084578127399196,0.9999720597927645,0.9999969069994212
4.35E-6,0.87,0.5133190810318783,-16.710297021292046,164578.41898517555,161572.14804119559,2082.756619693343,3937.464781588184,2.2049980834434923E-8,2.913893946737987E-8,7.678095292570006E-9,6.9845544660571726E-9,3.6945020242142314E-10,1.4906738126895573E-9,-1.4707160105213975E-6,0.011290741230602733,0.9999720597927645,0.9999969069994212
4.4E-6,0.8800000000000001,0.49626083516161684,-17.41145467312045,189678.44964282683,186681.8730025081,2688.639813599342,4693.759454103964,2.1879254307202662E-8,3.034496413132248E-8,6.95630390191056E-9,6.656953096787408E-9,3.8790861760482994E-10,1.48639857920612E-9,-1.6284220721035744E-7,0.01176449640075706,0.9999720597927645,0.9999969069994212
4.45E-6,0.89,0.47848013961176356,-18.155009222832383,221091.24856640364,218107.63619885218,3344.5114496862507,5517.379463797747,2.1573579397392538E-8,3.170311467683889E-8,6.253609489717922E-9,6.2942861495813715E-9,4.072714521070834E-10,1.4800210124822383E-9,1.3072722382865752E-6,0.012266898123535394,0.9999720597927645,0.9999969069994212
4.5E-6,0.9000000000000001,0.45993614030563335,-18.937311733305393,261017.93361753246,258050.0975600561,4057.496561884187,6426.879062755429,2.110220709947408E-8,3.3243105458187966E-8,5.572873806821483E-9,5.8947948823522505E-9,4.275473911241805E-10,1.4714751371397594E-9,3.103074314875495E-6,0.012795480900882021,0.9999720597927645,0.9999969069994212
4.55E-6,0.91,0.4405946318413294,-19.74820698343675,312633.3857220234,309682.50219470594,4836.152146001205,7428.3066905688565,2.0426401113447956E-8,3.500189754569139E-8,4.9174286857988835E-9,5.457012531879716E-9,4.4871408998183306E-10,1.4606978842805668E-9,5.2899308817802246E-6,0.013343383096916722,0.9999720597927645,0.9999969069994212
4.6E-6,0.92,0.4204371302448169,-20.565536447103586,380588.3893127554,377651.54811722937,5691.231561556765,8547.167066776166,1.949755150490322E-8,3.702519506731083E-8,4.2912019894170794E-9,4.979994919203883E-9,4.70695717168323E-10,1.447637627625611E-9,7.135614504278251E-6,0.01389563273452945,0.9999720597927645,0.9999969069994212
4.6499999999999995E-6,0.9299999999999999,0.3994774786790409,-21.345175605266707,471772.19310924626,468837.39449317555,6635.453369435909,9797.566669708975,1.8255681065922184E-8,3.936840962173199E-8,3.698883477064671E-9,4.463837004221458E-9,4.933263514190354E-10,1.4322547797411602E-9,8.840996467028488E-6,0.014422415949504531,0.9999720597927645,0.9999969069994212
4.7E-6,0.9400000000000001,0.37779235821712276,-22.002618953475682,596398.7028625233,593434.6659799181,7685.365403692402,11214.172155525663,1.662932383880458E-8,4.209541817859897E-8,3.1461481758393445E-9,3.9106440632045034E-9,5.162904116740181E-10,1.414530431000505E-9,8.29159470747165E-6,0.01486663442802411,0.9999720597927645,0.9999969069994212
4.749999999999999E-6,0.95,0.3555768140563488,-22.380463032422917,769271.3807441556,766207.1681342932,8860.606497983232,12824.408124448797,1.4541590662100507E-8,4.527083550100336E-8,2.6399481087251242E-9,3.3260784075034857E-9,5.390305320780048E-10,1.3944712873254455E-9,2.3753375184118764E-6,0.015121934481366835,0.9999720597927645,0.9999969069994212
4.8E-6,0.9600000000000001,0.3332432046523744,-22.193615035477556,1010188.7568416488,1006874.3282749389,10187.412165310297,14682.230964430251,1.1930870286445479E-8,4.8935616983123625E-8,2.188873627307693E-9,2.7222922079139405E-9,5.606189293030139E-10,1.3721247514978637E-9,-2.06297116774791E-5,0.014995685834782132,0.9999720597927645,0.9999969069994212
4.85E-6,0.9700000000000001,0.31158360649297345,-20.95764379738928,1339635.6016023185,1335773.432761815,11698.156229919054,16837.992627643238,8.809437015242814E-9,5.304556886354267E-8,1.80348014806118E-9,2.1224843692410243E-9,5.796362683130415E-10,1.347591260756796E-9,-5.31035292389419E-5,0.014160570133371136,0.9999720597927645,0.9999969069994212
4.9E-6,0.98,0.2919960418118404,-17.949557334378483,1759611.3300075158,1754665.936212828,13435.511872610168,19376.91118225961,5.380060220030717E-9,5.734377422740472E-8,1.496412862731325E-9,1.5683821823558006E-9,5.942210164475793E-10,1.3210508738871035E-9,-1.1655691110958216E-4,0.012128079279985462,0.9999720597927645,0.9999969069994212
4.95E-6,0.9900000000000001,0.2766410567485151,-12.421082904181295,2207751.21982874,2200932.588531433,15454.286306108026,22392.405952530546,2.210570925227584E-9,6.118411310463848E-8,1.2816401490640009E-9,1.1262570446844117E-9,6.027304193857016E-10,1.2927940308320924E-9,-2.021507007829669E-4,0.008392623583906281,0.9999720597927645,0.9999969069994212
4.9999999999999996E-6,1,0.26813043018741484,-4.342059863557616,2517365.9820472393,2507920.4476140714,17825.155872839812,26015.058073429092,2.4717525762945225E-10,6.352187444060061E-8,1.1719589607881082E-9,8.83902641372754E-10,6.053630989750168E-10,1.2632765852935755E-9,-2.6941651854584317E-4,0.0029338242321335244,0.9999720597927645,0.9999969069994212
5.05E-6,1.01,0.2683593008147386,4.779783812193878,2508361.1337181106,2496204.3621992143,20637.097972968957,30390.436873783907,3.0025077255696353E-10,6.345687031653807E-8,1.174823557100711E-9,9.229814014370312E-10,6.055493262144557E-10,1.2331929313406255E-9,-2.676838731379516E-4,0.003229583656887755,0.9999720597927645,0.9999969069994212
5.0999999999999995E-6,1.02,0.27718574183409456,12.59143105394649,2189587.3499276014,2175563.1275466303,23995.540736745977,35665.54033040078,2.2843423278430226E-9,6.103986533140633E-8,1.2888832399135749E-9,1.2734312795169376E-9,6.08361123047177E-10,1.2035950308986896E-9,-1.966470983332134E-4,0.00850772368509898,0.9999720597927645,0.9999969069994212
5.15E-6,1.03,0.29253514722198926,17.77010569273046,1746031.9181444473,1731327.3313750695,28003.12406931413,41867.56597967623,5.30060983990212E-9,5.7216984789789247E-8,1.5043591661045685E-9,1.8898812452430308E-9,6.168543925734194E-10,1.176074157103769E-9,-1.0382341503322228E-4,0.012006828170763824,0.9999720597927645,0.9999969069994212
5.199999999999999E-6,1.04,0.31177602801103727,20.45521111665829,1336166.4920848298,1321680.3979545499,32703.259951297347,48725.085596520454,8.406709503184212E-9,5.3006284975473334E-8,1.8066876991321198E-9,2.6751349943681557E-9,6.312246848841625E-10,1.1530474804011549E-9,-4.8299300846885564E-4,0.013821088592336682,0.9999720597927645,0.9999969069994212
5.25E-6,1.05,0.33282268849105656,21.48588043746526,1015560.3049838324,1001742.5257457419,37985.56697636836,55440.33712803641,1.1142605628845728E-8,4.900982160077729E-8,2.180913904752574E-9,3.524554459625184E-9,6.493752923568626E-10,1.138208663288937E-9,-9.793583531109988E-4,0.014517486782071121,0.9999720597927645,0.9999969069994212
5.3E-6,1.06,0.3543982041348582,21.58394999443415,780073.7206951499,767075.0205160662,43450.28575107822,60489.39178713175,1.3400500772975875E-8,4.545156232471501E-8,2.6147252535389982E-9,4.361746400186529E-9,6.695196618279544E-10,1.1372186772667277E-9,-0.0011300921999601496,0.01458374999623929,0.9999720597927645,0.9999969069994212
5.35E-6,1.07,0.3758023067527476,21.1804994800203,609776.0257565505,597603.5620004637,48371.23572503566,62312.4787592834,1.5186213269418175E-8,4.236305787913945E-8,3.098374568872842E-9,5.14057894487056E-9,6.905311656739423E-10,1.1587062598392026E-9,-0.0010977640458122032,0.014311148297311012,0.9999720597927645,0.9999969069994212
5.4E-6,1.08,0.3966648921604084,20.525099719341576,485982.00886232767,474581.93775213056,51906.38181440127,60223.74606890125,1.655487977140714E-8,3.9703620801780676E-8,3.6238102586104574E-9,5.827820971392118E-9,7.116552115187673E-10,1.2154527937848298E-9,-0.0011010467726190701,0.01386831062117674,0.9999720597927645,0.9999969069994212
5.4499999999999995E-6,1.09,0.41681307714756466,19.763871762054514,394681.1530488407,383978.2505115842,53459.77157529682,54996.281272276276,1.758571953679939E-8,3.741183649579429E-8,4.184576120744078E-9,6.3977629625697375E-9,7.324029832108926E-10,1.3249511654650378E-9,-0.0011009071205891204,0.01335396740679359,0.9999720597927645,0.9999969069994212
5.5E-6,1.1,0.43618174685027056,18.97275150326837,326134.3571787593,316051.8166964518,52929.0871722859,48159.404387937044,1.8344642943239133E-8,3.542726664242072E-8,4.7754586710283584E-9,6.829967052141875E-9,7.52508460708315E-10,1.507274422419404E-9,-0.0011028428635156801,0.012819426691397547,0.9999720597927645,0.9999969069994212
5.549999999999999E-6,1.1099999999999999,0.45476237460158675,18.191135864321787,273719.03027442103,264185.93978305435,50658.28891511924,41215.59770129604,1.888549496691873E-8,3.369746262782363E-8,5.392177782707434E-9,7.112645761649738E-9,7.71834702168135E-10,1.777366054204409E-9,-0.0011048557548948717,0.01229130801643364,0.9999720597927645,0.9999969069994212
5.6E-6,1.12,0.4725750884630033,17.438536051795133,232928.45064299388,223882.09380254376,47238.55197615319,35141.06800471093,1.9250954835435898E-8,3.217908136023029E-8,6.031156988746783E-9,7.253993637387967E-9,7.903220964031926E-10,2.1314740711472396E-9,-0.0011048395999646923,0.011782794629591305,0.9999720597927645,0.9999969069994212
5.65E-6,1.1300000000000001,0.4896536886677006,16.72356504909982,200662.43219224908,192048.41518074766,43232.57645698873,29965.45085033902,1.9474272556607796E-8,3.08369768252042E-8,6.689361399846949E-9,7.290530712799543E-9,8.079567859839429E-10,2.537776575774886E-9,-0.0011064365615604068,0.011299706114256633,0.9999720597927645,0.9999969069994212
5.7E-6,1.1400000000000001,0.5060375915389488,16.049265145438767,174756.09181358627,166527.570294124,39015.268199944774,25532.30343244124,1.958205200452172E-8,2.9642804850660806E-8,7.3641806990954916E-9,7.276279910702738E-9,8.247504785215837E-10,2.946689945292268E-9,-0.0011081639921360928,0.01084409807124241,0.9999720597927645,0.9999969069994212
5.75E-6,1.1500000000000001,0.5217675801427287,15.41561202533506,153672.52187055917,145789.2245585613,34842.976393159945,21836.38032150749,1.9595458256618423E-8,2.8573676397614634E-8,8.053345497168071E-9,7.258246605309136E-9,8.407297212362309E-10,3.3152571974743785E-9,-0.0011088169562853364,0.010415954071172337,0.9999720597927645,0.9999969069994212
5.7999999999999995E-6,1.16,0.5368835446645732,14.820958003656763,136302.4332095186,128729.69852488111,30894.52242030976,18794.275518445476,1.953132079758574E-8,2.761102436445894E-8,8.754863002438519E-9,7.259798999913699E-9,8.559287023834677E-10,3.6237779473946485E-9,-0.0011088149070982275,0.010014160813281596,0.9999720597927645,0.9999969069994212
5.85E-6,1.1700000000000002,0.5514233266113309,14.262920633569978,121832.29844446409,114540.19915044961,27256.200698591172,16209.864882973003,1.940321544956997E-8,2.6739696292982568E-8,9.466966327234376E-9,7.283312663086286E-9,8.703850276767192E-10,3.873143520384793E-9,-0.0011087341713886566,0.009637108536195932,0.9999720597927645,0.9999969069994212
5.899999999999999E-6,1.18,0.5654222052990929,13.738832282302909,109656.40087862432,102618.9931763934,23964.941139566665,14054.089628509611,1.9222161162116835E-8,2.5947241789742317E-8,1.0188075059423189E-8,7.3208079890968925E-9,8.841371807883263E-10,4.074239307002558E-9,-0.0011095729139699174,0.009282994785339803,0.9999720597927645,0.9999969069994212
5.95E-6,1.1900000000000002,0.5789128068063569,13.246040593311381,99317.2623205656,92511.94863403887,21021.127189927392,12189.11822452349,1.8997315973845852E-8,2.5223354420871766E-8,1.0916767940674732E-8,7.363827383001799E-9,8.972231902992763E-10,4.238102257483808E-9,-0.0011106262311105306,0.008950027427913095,0.9999720597927645,0.9999969069994212
6.0E-6,1.2000000000000002,0.5919251395935872,12.781989144282214,90464.7738787288,83871.77947706838,18407.673787245887,10585.450803302921,1.8736258726276184E-8,2.455944162960202E-8,1.1651759077193714E-8,7.407216346316995E-9,9.096797790292458E-10,4.372229586183239E-9,-0.0011107151606086988,0.008636479151542037,0.9999720597927645,0.9999969069994212
6.05E-6,1.21,0.604486710066151,12.344229509026356,82827.70347921347,76429.64989702821,16094.914405062207,9183.931435142347,1.8445146514245992E-8,2.394829076477567E-8,1.2391877809189158E-8,7.446814519472706E-9,9.21541860127719E-10,4.482923311560142E-9,-0.001110572869739265,0.008340695614206996,0.9999720597927645,0.9999969069994212
6.1E-6,1.2200000000000002,0.6166226816291113,11.93053089050123,76193.53416958242,69975.07580682883,14052.80948126475,7950.69416597328,1.8129196757575507E-8,2.3383807988503097E-8,1.3136051850827444E-8,7.479218058195675E-9,9.328423230079828E-10,4.575505998955589E-9,-0.0011101564327734928,0.008061169520608938,0.9999720597927645,0.9999969069994212
6.1499999999999996E-6,1.23,0.628356075160398,11.538833814368422,70393.9868910312,64341.51623706535,12248.29465303591,6849.743708831879,1.7792728920642842E-8,2.2860811831617786E-8,1.388329466003088E-8,7.502567742119743E-9,9.436119741166902E-10,4.65359463574938E-9,-0.0011103515655158202,0.007796509334032717,0.9999720597927645,0.9999969069994212
6.2E-6,1.24,0.6397079657250395,11.167312694169981,65294.50197543157,59395.89633393878,10651.360551534115,5872.776450967365,1.7439525741408812E-8,2.2374869995229724E-8,1.4632694924581392E-8,7.515768753106607E-9,9.538796000777902E-10,4.719853006059699E-9,-0.0011106136145965432,0.007545481550114852,0.9999720597927645,0.9999969069994212
6.2499999999999995E-6,1.25,0.6506976954117742,10.814321334589229,60786.49074607348,55030.906035730935,9234.40349651929,4983.777532586252,1.707282911966748E-8,2.1922168355652912E-8,1.5383409629445788E-8,7.518084691007356E-9,9.636720835220153E-10,4.776419098557478E-9,-0.0011107471601801944,0.007306973874722452,0.9999720597927645,0.9999969069994212
6.3E-6,1.26,0.6613430305837632,10.47834365386909,56781.58601376898,51159.2881738304,7972.63734992007,4181.239084203994,1.6695322325555788E-8,2.149940760649521E-8,1.6134655904480917E-8,7.50942517695334E-9,9.730144897227813E-10,4.8247668885865755E-9,-0.0011106081306098527,0.007079961928289925,0.9999720597927645,0.9999969069994212
6.349999999999999E-6,1.27,0.6716602857166969,10.15800234690941,53207.320254186656,47709.54069764713,6845.070052419533,3451.6154085742623,1.6309275545461027E-8,2.1103720536361265E-8,1.6885702461364282E-8,7.489810975894915E-9,9.819301272077533E-10,4.866166380691365E-9,-0.0011104067596925083,0.006863515099263115,0.9999720597927645,0.9999969069994212
6.4E-6,1.28,0.6816644660066424,9.852049172553269,50003.82730621083,44622.64034880161,5833.089960581006,2777.133509667766,1.591662381719526E-8,2.0732603604358054E-8,1.7635864115315045E-8,7.459537389216169E-9,9.904406807462853E-10,4.9015372300386466E-9,-0.0011103947988683348,0.006656789981454911,0.9999720597927645,0.9999969069994212
6.45E-6,1.29,0.691369401832914,9.559387357700901,47121.30932377544,41849.52411176961,4920.208357496113,2160.668953458736,1.551913608132103E-8,2.0383860808736746E-8,1.8384497597477623E-8,7.418877621033033E-9,9.985663545537195E-10,4.9316682607964086E-9,-0.0011103964669810478,0.006459045511960068,0.9999720597927645,0.9999969069994212
6.5E-6,1.3,0.7007878766212496,9.279005472163503,44518.073650709994,39349.14799058358,4093.9083858119957,1586.7232005751962,1.5118285835097722E-8,2.0055557313916987E-8,1.9130998656231765E-8,7.3682623757991325E-9,1.006326007488005E-9,4.9571749266845145E-9,-0.0011104202250347755,0.006269598292002367,0.9999720597927645,0.9999969069994212
6.55E-6,1.31,0.7099317051766604,9.009995451410377,42159.00939141531,37086.972729498935,3341.5808678831204,1057.4738143547302,1.4715378832960535E-8,1.974598235614148E-8,1.9874796797741515E-8,7.3081289647213124E-9,1.0137372276861878E-9,4.978578191001405E-9,-0.0011104607639947962,0.006087834764466471,0.9999720597927645,0.9999969069994212
6.5999999999999995E-6,1.32,0.7188118603573842,8.75155952640572,40014.37296716749,35033.75848435628,2654.85710726304,563.0488872116786,1.4311639909352632E-8,1.9453616484320767E-8,2.0615355195956153E-8,7.2388466706557035E-9,1.0208164949026264E-9,4.996322109218831E-9,-0.0011105420769452817,0.00591321589622008,0.9999720597927645,0.9999969069994212
6.65E-6,1.33,0.727438518050137,8.50291032580689,38058.84182130129,33164.63737965641,2025.2719233263608,106.09828978111544,1.3907937722432613E-8,1.9177106450538285E-8,2.1352165209659803E-8,7.1610240475265635E-9,1.0275792173729884E-9,5.010776486955226E-9,-0.0011106562361015136,0.00574520967959925,0.9999720597927645,0.9999969069994212
6.699999999999999E-6,1.34,0.7358211242625488,8.263381700262137,36270.75061936199,31458.34388182794,1445.453336657046,-327.9282109726572,1.35051930815187E-8,1.891524317996641E-8,2.2084743512448716E-8,7.075096696992505E-9,1.034039812286925E-9,5.022262154635851E-9,-0.0011108142091190562,0.005583366013690633,0.9999720597927645,0.9999969069994212
6.75E-6,1.35,0.7439684940756374,8.0323619675668,34631.469028701664,29896.6059458475,909.7667652868068,-730.7849578928964,1.310420244793825E-8,1.866694199240539E-8,2.2812633020428647E-8,6.981520181046344E-9,1.0402118398658129E-9,5.031054495584645E-9,-0.0011110277698482033,0.005427271599707297,0.9999720597927645,0.9999969069994212
6.799999999999999E-6,1.3599999999999999,0.7518888433872833,7.809274209926814,33124.91013922737,28463.660052040057,412.48870179855254,-1112.6846435356329,1.2705607017492516E-8,1.843122759924614E-8,2.3535398890281907E-8,6.880838226276524E-9,1.0461080429562848E-9,5.0373972710422646E-9,-0.001110834745474693,0.005276536628328928,0.9999720597927645,0.9999969069994212
6.85E-6,1.37,0.7595898405712366,7.593598061878484,31737.12487450295,27145.847241922227,-50.14430565243293,-1473.1600792343827,1.2309994363985668E-8,1.820722059331277E-8,2.425262686366146E-8,6.773499801470247E-9,1.051740394179169E-9,5.041510290443991E-9,-0.0011106093821095918,0.005130809501269246,0.9999720597927645,0.9999969069994212
6.9E-6,1.3800000000000001,0.7670786586921381,7.384859807424763,30455.968825799002,25931.284498755354,-482.55843289827123,-1812.2110044127826,1.1917892579864009E-8,1.7994125733438188E-8,2.496392235711482E-8,6.659955466525222E-9,1.0571201837418025E-9,5.043592916189734E-9,-0.0011103593544623846,0.004989770140151867,0.9999720597927645,0.9999969069994212
6.9499999999999995E-6,1.3900000000000001,0.7743620105509845,7.182613027352725,29270.829987341815,24809.597391840198,-886.8699401570681,-2133.3571303536814,1.15297304313511E-8,1.779122222970233E-8,2.566890855614327E-8,6.540686995550537E-9,1.0622580595594242E-9,5.043821624414765E-9,-0.0011100837769498712,0.0048531169103734634,0.9999720597927645,0.9999969069994212
7.0E-6,1.4000000000000001,0.7814461884264872,6.986467264080254,28172.401928571333,23771.6927920267,-1266.798740946486,-2439.3045079720423,1.1145949902443971E-8,1.759785513723378E-8,2.6367225456417708E-8,6.416103684391397E-9,1.067164080907388E-9,5.042350079996172E-9,-0.001109781840346532,0.004720585989243415,0.9999720597927645,0.9999969069994212
