Component	Group	Name	Expression
c	surfenergy	JF	F11p*CF11+F12p*CF12+F13p*CF13
c	surfenergy	Js	sqrt(CN1^2+CN2^2+CN3^2)
c	surfenergy	Vfree	-ic((X+u)*CN1+(Y+v)*CN2+(Z+w)*CN3)/3
c	surfenergy	Rfree	(3*Vfree/(4*pi))^(1/3)
c	surfenergy	Afree	ic(Js)
c	thermo	pGel	pLP-p0-2*sigLL/Rfree
c	thermo	Temp	Tref*theta
c	thermo	rhoLP	rhoLref*exp(qL)
c	thermo	rhoVP	rhoVref*exp(qV)
c	thermo	Vb	Vfree
c	thermo	pNeed	pLP
c	thermo	pLP	pfpp(Temp/1[K],rhoLP/(1[kg/m^3]))*1[Pa]
c	thermo	pVP	pfpp(Temp/1[K],rhoVP/(1[kg/m^3]))*1[Pa]
c	thermo	gLP	pfpg(Temp/1[K],rhoLP/(1[kg/m^3]))*1[J/kg]
c	thermo	gVP	pfpg(Temp/1[K],rhoVP/(1[kg/m^3]))*1[J/kg]
c	thermo	uLP	pfpu(Temp/1[K],rhoLP/(1[kg/m^3]))*1[J/kg]
c	thermo	uVP	pfpu(Temp/1[K],rhoVP/(1[kg/m^3]))*1[J/kg]
c	thermo	fv	(Vb-mp/rhoLP)/(mp*(1/rhoVP-1/rhoLP))
c	thermo	fvDropSized	(Vb-(4*pi*a^3*rhoD/3)/rhoLP)/((4*pi*a^3*rhoD/3)*(1/rhoVP-1/rhoLP))
c	thermo	UP	mp*((1-fv)*uLP+fv*uVP)
c	thermo	Vgas	fv*mp/rhoVP
c	thermo	Rg	(max(Vgas,4*pi*nucleusFloor^3/3)*3/(4*pi))^(1/3)
c	thermo	shellThickness	Rfree-Rg
c	thermo	WsTotal	iv(solid.Ws)
c	thermo	Qmin	UP-mp*pfpu(Tref/1[K],rhoD/(1[kg/m^3]))*1[J/kg]+WsTotal+p0*(Vb-4*pi*ad^3/3)+sigLL*Afree+4*pi*sigLV*Rg^2-4*pi*sigLL*ad^2
c	thermo	massResidual	(rhoVP*(Vb-(1-fv)*mp/rhoLP)-fv*mp)/mp
c	post	stretch	Rfree/a
c	post	qd	(C11d+C22d+C33d)/3
c	post	pd	sqrt(max(1e-24,((C11d-qd)^2+(C22d-qd)^2+(C33d-qd)^2+2*(C12d^2+C13d^2+C23d^2))/6))
c	post	stretchMax	sqrt(max(0,qd+2*pd*cos(acos(rd)/3)))
